Site,Parameter,Date (LT),Year,Month,Day,Hour,NowCast Conc.,AQI,AQI Category,Raw Conc.,Conc. Unit,Duration,QC Name
Sarajevo,PM2.5 - Principal,2021-12-01 01:00 AM,2021,12,01,01,75.1,161,Unhealthy,76.0,UG/M3,1 Hr,Valid
Sarajevo,PM2.5 - Principal,2021-12-01 02:00 AM,2021,12,01,02,72.0,160,Unhealthy,69.0,UG/M3,1 Hr,Valid
Sarajevo,PM2.5 - Principal,2021-12-01 03:00 AM,2021,12,01,03,58.5,153,Unhealthy,45.0,UG/M3,1 Hr,Valid
Sarajevo,PM2.5 - Principal,2021-12-01 04:00 AM,2021,12,01,04,45.7,126,Unhealthy for Sensitive Groups,33.0,UG/M3,1 Hr,Valid
Sarajevo,PM2.5 - Principal,2021-12-01 05:00 AM,2021,12,01,05,43.3,120,Unhealthy for Sensitive Groups,41.0,UG/M3,1 Hr,Valid
Sarajevo,PM2.5 - Principal,2021-12-01 06:00 AM,2021,12,01,06,36.1,102,Unhealthy for Sensitive Groups,29.0,UG/M3,1 Hr,Valid
Sarajevo,PM2.5 - Principal,2021-12-01 07:00 AM,2021,12,01,07,30.5,90,Moderate,25.0,UG/M3,1 Hr,Valid
Sarajevo,PM2.5 - Principal,2021-12-01 08:00 AM,2021,12,01,08,27.7,84,Moderate,25.0,UG/M3,1 Hr,Valid
Sarajevo,PM2.5 - Principal,2021-12-01 09:00 AM,2021,12,01,09,32.8,95,Moderate,38.0,UG/M3,1 Hr,Valid
Sarajevo,PM2.5 - Principal,2021-12-01 10:00 AM,2021,12,01,10,35.9,102,Unhealthy for Sensitive Groups,39.0,UG/M3,1 Hr,Valid
Sarajevo,PM2.5 - Principal,2021-12-01 11:00 AM,2021,12,01,11,42.9,119,Unhealthy for Sensitive Groups,50.0,UG/M3,1 Hr,Valid
Sarajevo,PM2.5 - Principal,2021-12-01 12:00 PM,2021,12,01,12,48.9,134,Unhealthy for Sensitive Groups,55.0,UG/M3,1 Hr,Valid
Sarajevo,PM2.5 - Principal,2021-12-01 01:00 PM,2021,12,01,13,63.4,155,Unhealthy,78.0,UG/M3,1 Hr,Valid
Sarajevo,PM2.5 - Principal,2021-12-01 02:00 PM,2021,12,01,14,35.7,101,Unhealthy for Sensitive Groups,8.0,UG/M3,1 Hr,Valid
Sarajevo,PM2.5 - Principal,2021-12-01 03:00 PM,2021,12,01,15,20.8,69,Moderate,6.0,UG/M3,1 Hr,Valid
Sarajevo,PM2.5 - Principal,2021-12-01 04:00 PM,2021,12,01,16,12.4,52,Moderate,4.0,UG/M3,1 Hr,Valid
Sarajevo,PM2.5 - Principal,2021-12-01 05:00 PM,2021,12,01,17,11.2,47,Good,10.0,UG/M3,1 Hr,Valid
Sarajevo,PM2.5 - Principal,2021-12-01 06:00 PM,2021,12,01,18,9.1,38,Good,7.0,UG/M3,1 Hr,Valid
Sarajevo,PM2.5 - Principal,2021-12-01 07:00 PM,2021,12,01,19,7.0,29,Good,5.0,UG/M3,1 Hr,Valid
Sarajevo,PM2.5 - Principal,2021-12-01 08:00 PM,2021,12,01,20,5.5,23,Good,4.0,UG/M3,1 Hr,Valid
Sarajevo,PM2.5 - Principal,2021-12-01 09:00 PM,2021,12,01,21,4.7,20,Good,4.0,UG/M3,1 Hr,Valid
Sarajevo,PM2.5 - Principal,2021-12-01 10:00 PM,2021,12,01,22,5.3,22,Good,6.0,UG/M3,1 Hr,Valid
Sarajevo,PM2.5 - Principal,2021-12-01 11:00 PM,2021,12,01,23,5.1,21,Good,5.0,UG/M3,1 Hr,Valid
Sarajevo,PM2.5 - Principal,2021-12-02 12:00 AM,2021,12,02,00,5.5,23,Good,6.0,UG/M3,1 Hr,Valid
Sarajevo,PM2.5 - Principal,2021-12-02 01:00 AM,2021,12,02,01,6.2,26,Good,7.0,UG/M3,1 Hr,Valid
Sarajevo,PM2.5 - Principal,2021-12-02 02:00 AM,2021,12,02,02,5.1,21,Good,4.0,UG/M3,1 Hr,Valid
Sarajevo,PM2.5 - Principal,2021-12-02 03:00 AM,2021,12,02,03,8.0,33,Good,11.0,UG/M3,1 Hr,Valid
Sarajevo,PM2.5 - Principal,2021-12-02 04:00 AM,2021,12,02,04,12.0,50,Good,16.0,UG/M3,1 Hr,Valid
Sarajevo,PM2.5 - Principal,2021-12-02 05:00 AM,2021,12,02,05,11.0,46,Good,10.0,UG/M3,1 Hr,Valid
Sarajevo,PM2.5 - Principal,2021-12-02 06:00 AM,2021,12,02,06,12.0,50,Good,13.0,UG/M3,1 Hr,Valid
Sarajevo,PM2.5 - Principal,2021-12-02 07:00 AM,2021,12,02,07,12.5,52,Moderate,13.0,UG/M3,1 Hr,Valid
Sarajevo,PM2.5 - Principal,2021-12-02 08:00 AM,2021,12,02,08,15.2,58,Moderate,18.0,UG/M3,1 Hr,Valid
Sarajevo,PM2.5 - Principal,2021-12-02 09:00 AM,2021,12,02,09,18.1,64,Moderate,21.0,UG/M3,1 Hr,Valid
Sarajevo,PM2.5 - Principal,2021-12-02 10:00 AM,2021,12,02,10,24.5,77,Moderate,31.0,UG/M3,1 Hr,Valid
Sarajevo,PM2.5 - Principal,2021-12-02 11:00 AM,2021,12,02,11,13.2,53,Moderate,2.0,UG/M3,1 Hr,Valid
Sarajevo,PM2.5 - Principal,2021-12-02 12:00 PM,2021,12,02,12,8.1,34,Good,3.0,UG/M3,1 Hr,Valid
Sarajevo,PM2.5 - Principal,2021-12-02 01:00 PM,2021,12,02,13,5.0,21,Good,2.0,UG/M3,1 Hr,Valid
Sarajevo,PM2.5 - Principal,2021-12-02 02:00 PM,2021,12,02,14,4.5,19,Good,4.0,UG/M3,1 Hr,Valid
Sarajevo,PM2.5 - Principal,2021-12-02 03:00 PM,2021,12,02,15,4.2,18,Good,4.0,UG/M3,1 Hr,Valid
Sarajevo,PM2.5 - Principal,2021-12-02 04:00 PM,2021,12,02,16,2.6,11,Good,1.0,UG/M3,1 Hr,Valid
Sarajevo,PM2.5 - Principal,2021-12-02 05:00 PM,2021,12,02,17,2.3,10,Good,2.0,UG/M3,1 Hr,Valid
Sarajevo,PM2.5 - Principal,2021-12-02 06:00 PM,2021,12,02,18,3.6,15,Good,5.0,UG/M3,1 Hr,Valid
Sarajevo,PM2.5 - Principal,2021-12-02 07:00 PM,2021,12,02,19,5.3,22,Good,7.0,UG/M3,1 Hr,Valid
Sarajevo,PM2.5 - Principal,2021-12-02 08:00 PM,2021,12,02,20,5.6,23,Good,6.0,UG/M3,1 Hr,Valid
Sarajevo,PM2.5 - Principal,2021-12-02 09:00 PM,2021,12,02,21,4.3,18,Good,3.0,UG/M3,1 Hr,Valid
Sarajevo,PM2.5 - Principal,2021-12-02 10:00 PM,2021,12,02,22,2.6,11,Good,1.0,UG/M3,1 Hr,Valid
Sarajevo,PM2.5 - Principal,2021-12-02 11:00 PM,2021,12,02,23,4.3,18,Good,6.0,UG/M3,1 Hr,Valid
Sarajevo,PM2.5 - Principal,2021-12-03 12:00 AM,2021,12,03,00,5.1,21,Good,6.0,UG/M3,1 Hr,Valid
Sarajevo,PM2.5 - Principal,2021-12-03 01:00 AM,2021,12,03,01,4.5,19,Good,4.0,UG/M3,1 Hr,Valid
Sarajevo,PM2.5 - Principal,2021-12-03 02:00 AM,2021,12,03,02,3.2,13,Good,2.0,UG/M3,1 Hr,Valid
Sarajevo,PM2.5 - Principal,2021-12-03 03:00 AM,2021,12,03,03,4.1,17,Good,5.0,UG/M3,1 Hr,Valid
Sarajevo,PM2.5 - Principal,2021-12-03 04:00 AM,2021,12,03,04,4.0,17,Good,4.0,UG/M3,1 Hr,Valid
Sarajevo,PM2.5 - Principal,2021-12-03 05:00 AM,2021,12,03,05,4.0,17,Good,4.0,UG/M3,1 Hr,Valid
Sarajevo,PM2.5 - Principal,2021-12-03 06:00 AM,2021,12,03,06,4.5,19,Good,5.0,UG/M3,1 Hr,Valid
Sarajevo,PM2.5 - Principal,2021-12-03 07:00 AM,2021,12,03,07,4.2,18,Good,4.0,UG/M3,1 Hr,Valid
Sarajevo,PM2.5 - Principal,2021-12-03 08:00 AM,2021,12,03,08,3.6,15,Good,3.0,UG/M3,1 Hr,Valid
Sarajevo,PM2.5 - Principal,2021-12-03 09:00 AM,2021,12,03,09,3.8,16,Good,4.0,UG/M3,1 Hr,Valid
Sarajevo,PM2.5 - Principal,2021-12-03 10:00 AM,2021,12,03,10,9.4,39,Good,15.0,UG/M3,1 Hr,Valid
Sarajevo,PM2.5 - Principal,2021-12-03 11:00 AM,2021,12,03,11,13.7,54,Moderate,18.0,UG/M3,1 Hr,Valid
Sarajevo,PM2.5 - Principal,2021-12-03 12:00 PM,2021,12,03,12,25.3,79,Moderate,37.0,UG/M3,1 Hr,Valid
Sarajevo,PM2.5 - Principal,2021-12-03 01:00 PM,2021,12,03,13,43.1,120,Unhealthy for Sensitive Groups,61.0,UG/M3,1 Hr,Valid
Sarajevo,PM2.5 - Principal,2021-12-03 02:00 PM,2021,12,03,14,55.1,149,Unhealthy for Sensitive Groups,67.0,UG/M3,1 Hr,Valid
Sarajevo,PM2.5 - Principal,2021-12-03 03:00 PM,2021,12,03,15,59.5,153,Unhealthy,64.0,UG/M3,1 Hr,Valid
Sarajevo,PM2.5 - Principal,2021-12-03 04:00 PM,2021,12,03,16,72.2,160,Unhealthy,85.0,UG/M3,1 Hr,Valid
Sarajevo,PM2.5 - Principal,2021-12-03 05:00 PM,2021,12,03,17,76.6,162,Unhealthy,81.0,UG/M3,1 Hr,Valid
Sarajevo,PM2.5 - Principal,2021-12-03 06:00 PM,2021,12,03,18,67.3,157,Unhealthy,58.0,UG/M3,1 Hr,Valid
Sarajevo,PM2.5 - Principal,2021-12-03 07:00 PM,2021,12,03,19,57.1,152,Unhealthy,47.0,UG/M3,1 Hr,Valid
Sarajevo,PM2.5 - Principal,2021-12-03 08:00 PM,2021,12,03,20,52.0,142,Unhealthy for Sensitive Groups,47.0,UG/M3,1 Hr,Valid
Sarajevo,PM2.5 - Principal,2021-12-03 09:00 PM,2021,12,03,21,52.0,142,Unhealthy for Sensitive Groups,52.0,UG/M3,1 Hr,Valid
Sarajevo,PM2.5 - Principal,2021-12-03 10:00 PM,2021,12,03,22,52.0,142,Unhealthy for Sensitive Groups,52.0,UG/M3,1 Hr,Valid
Sarajevo,PM2.5 - Principal,2021-12-03 11:00 PM,2021,12,03,23,50.5,138,Unhealthy for Sensitive Groups,49.0,UG/M3,1 Hr,Valid
Sarajevo,PM2.5 - Principal,2021-12-04 12:00 AM,2021,12,04,00,46.8,129,Unhealthy for Sensitive Groups,43.0,UG/M3,1 Hr,Valid
Sarajevo,PM2.5 - Principal,2021-12-04 01:00 AM,2021,12,04,01,47.4,130,Unhealthy for Sensitive Groups,48.0,UG/M3,1 Hr,Valid
Sarajevo,PM2.5 - Principal,2021-12-04 02:00 AM,2021,12,04,02,61.0,154,Unhealthy,75.0,UG/M3,1 Hr,Valid
Sarajevo,PM2.5 - Principal,2021-12-04 03:00 AM,2021,12,04,03,63.9,155,Unhealthy,67.0,UG/M3,1 Hr,Valid
Sarajevo,PM2.5 - Principal,2021-12-04 04:00 AM,2021,12,04,04,49.5,135,Unhealthy for Sensitive Groups,35.0,UG/M3,1 Hr,Valid
Sarajevo,PM2.5 - Principal,2021-12-04 05:00 AM,2021,12,04,05,37.2,105,Unhealthy for Sensitive Groups,25.0,UG/M3,1 Hr,Valid
Sarajevo,PM2.5 - Principal,2021-12-04 06:00 AM,2021,12,04,06,31.6,92,Moderate,26.0,UG/M3,1 Hr,Valid
Sarajevo,PM2.5 - Principal,2021-12-04 07:00 AM,2021,12,04,07,29.3,87,Moderate,27.0,UG/M3,1 Hr,Valid
Sarajevo,PM2.5 - Principal,2021-12-04 08:00 AM,2021,12,04,08,29.6,88,Moderate,30.0,UG/M3,1 Hr,Valid
Sarajevo,PM2.5 - Principal,2021-12-04 09:00 AM,2021,12,04,09,32.8,95,Moderate,36.0,UG/M3,1 Hr,Valid
Sarajevo,PM2.5 - Principal,2021-12-04 10:00 AM,2021,12,04,10,36.4,103,Unhealthy for Sensitive Groups,40.0,UG/M3,1 Hr,Valid
Sarajevo,PM2.5 - Principal,2021-12-04 11:00 AM,2021,12,04,11,37.7,106,Unhealthy for Sensitive Groups,39.0,UG/M3,1 Hr,Valid
Sarajevo,PM2.5 - Principal,2021-12-04 12:00 PM,2021,12,04,12,51.8,141,Unhealthy for Sensitive Groups,66.0,UG/M3,1 Hr,Valid
Sarajevo,PM2.5 - Principal,2021-12-04 01:00 PM,2021,12,04,13,66.9,157,Unhealthy,82.0,UG/M3,1 Hr,Valid
Sarajevo,PM2.5 - Principal,2021-12-04 02:00 PM,2021,12,04,14,74.4,161,Unhealthy,82.0,UG/M3,1 Hr,Valid
Sarajevo,PM2.5 - Principal,2021-12-04 03:00 PM,2021,12,04,15,73.2,160,Unhealthy,72.0,UG/M3,1 Hr,Valid
Sarajevo,PM2.5 - Principal,2021-12-04 04:00 PM,2021,12,04,16,74.6,161,Unhealthy,76.0,UG/M3,1 Hr,Valid
Sarajevo,PM2.5 - Principal,2021-12-04 05:00 PM,2021,12,04,17,77.3,162,Unhealthy,80.0,UG/M3,1 Hr,Valid
Sarajevo,PM2.5 - Principal,2021-12-04 06:00 PM,2021,12,04,18,57.1,152,Unhealthy,37.0,UG/M3,1 Hr,Valid
Sarajevo,PM2.5 - Principal,2021-12-04 07:00 PM,2021,12,04,19,46.5,128,Unhealthy for Sensitive Groups,36.0,UG/M3,1 Hr,Valid
Sarajevo,PM2.5 - Principal,2021-12-04 08:00 PM,2021,12,04,20,48.7,134,Unhealthy for Sensitive Groups,51.0,UG/M3,1 Hr,Valid
Sarajevo,PM2.5 - Principal,2021-12-04 09:00 PM,2021,12,04,21,58.4,152,Unhealthy,68.0,UG/M3,1 Hr,Valid
Sarajevo,PM2.5 - Principal,2021-12-04 10:00 PM,2021,12,04,22,73.2,160,Unhealthy,88.0,UG/M3,1 Hr,Valid
Sarajevo,PM2.5 - Principal,2021-12-04 11:00 PM,2021,12,04,23,89.1,168,Unhealthy,105.0,UG/M3,1 Hr,Valid
Sarajevo,PM2.5 - Principal,2021-12-05 12:00 AM,2021,12,05,00,117.5,183,Unhealthy,146.0,UG/M3,1 Hr,Valid
Sarajevo,PM2.5 - Principal,2021-12-05 01:00 AM,2021,12,05,01,114.2,181,Unhealthy,111.0,UG/M3,1 Hr,Valid
Sarajevo,PM2.5 - Principal,2021-12-05 02:00 AM,2021,12,05,02,99.6,174,Unhealthy,85.0,UG/M3,1 Hr,Valid
Sarajevo,PM2.5 - Principal,2021-12-05 03:00 AM,2021,12,05,03,72.3,160,Unhealthy,45.0,UG/M3,1 Hr,Valid
Sarajevo,PM2.5 - Principal,2021-12-05 04:00 AM,2021,12,05,04,102.6,175,Unhealthy,133.0,UG/M3,1 Hr,Valid
Sarajevo,PM2.5 - Principal,2021-12-05 05:00 AM,2021,12,05,05,123.8,186,Unhealthy,145.0,UG/M3,1 Hr,Valid
Sarajevo,PM2.5 - Principal,2021-12-05 06:00 AM,2021,12,05,06,93.9,171,Unhealthy,64.0,UG/M3,1 Hr,Valid
Sarajevo,PM2.5 - Principal,2021-12-05 07:00 AM,2021,12,05,07,50.9,139,Unhealthy for Sensitive Groups,8.0,UG/M3,1 Hr,Valid
Sarajevo,PM2.5 - Principal,2021-12-05 08:00 AM,2021,12,05,08,29.4,87,Moderate,8.0,UG/M3,1 Hr,Valid
Sarajevo,PM2.5 - Principal,2021-12-05 09:00 AM,2021,12,05,09,19.2,66,Moderate,9.0,UG/M3,1 Hr,Valid
Sarajevo,PM2.5 - Principal,2021-12-05 10:00 AM,2021,12,05,10,14.6,56,Moderate,10.0,UG/M3,1 Hr,Valid
Sarajevo,PM2.5 - Principal,2021-12-05 11:00 AM,2021,12,05,11,17.7,63,Moderate,21.0,UG/M3,1 Hr,Valid
Sarajevo,PM2.5 - Principal,2021-12-05 12:00 PM,2021,12,05,12,18.3,64,Moderate,19.0,UG/M3,1 Hr,Valid
Sarajevo,PM2.5 - Principal,2021-12-05 01:00 PM,2021,12,05,13,16.6,60,Moderate,15.0,UG/M3,1 Hr,Valid
Sarajevo,PM2.5 - Principal,2021-12-05 02:00 PM,2021,12,05,14,20.8,69,Moderate,25.0,UG/M3,1 Hr,Valid
Sarajevo,PM2.5 - Principal,2021-12-05 03:00 PM,2021,12,05,15,30.4,89,Moderate,40.0,UG/M3,1 Hr,Valid
Sarajevo,PM2.5 - Principal,2021-12-05 04:00 PM,2021,12,05,16,36.6,104,Unhealthy for Sensitive Groups,43.0,UG/M3,1 Hr,Valid
Sarajevo,PM2.5 - Principal,2021-12-05 05:00 PM,2021,12,05,17,49.3,135,Unhealthy for Sensitive Groups,62.0,UG/M3,1 Hr,Valid
Sarajevo,PM2.5 - Principal,2021-12-05 06:00 PM,2021,12,05,18,59.1,153,Unhealthy,69.0,UG/M3,1 Hr,Valid
Sarajevo,PM2.5 - Principal,2021-12-05 07:00 PM,2021,12,05,19,59.0,153,Unhealthy,59.0,UG/M3,1 Hr,Valid
Sarajevo,PM2.5 - Principal,2021-12-05 08:00 PM,2021,12,05,20,65.0,156,Unhealthy,71.0,UG/M3,1 Hr,Valid
Sarajevo,PM2.5 - Principal,2021-12-05 09:00 PM,2021,12,05,21,60.5,154,Unhealthy,56.0,UG/M3,1 Hr,Valid
Sarajevo,PM2.5 - Principal,2021-12-05 10:00 PM,2021,12,05,22,58.7,153,Unhealthy,57.0,UG/M3,1 Hr,Valid
Sarajevo,PM2.5 - Principal,2021-12-05 11:00 PM,2021,12,05,23,57.8,152,Unhealthy,57.0,UG/M3,1 Hr,Valid
Sarajevo,PM2.5 - Principal,2021-12-06 12:00 AM,2021,12,06,00,40.4,113,Unhealthy for Sensitive Groups,23.0,UG/M3,1 Hr,Valid
Sarajevo,PM2.5 - Principal,2021-12-06 01:00 AM,2021,12,06,01,35.7,101,Unhealthy for Sensitive Groups,31.0,UG/M3,1 Hr,Valid
Sarajevo,PM2.5 - Principal,2021-12-06 02:00 AM,2021,12,06,02,34.3,98,Moderate,33.0,UG/M3,1 Hr,Valid
Sarajevo,PM2.5 - Principal,2021-12-06 03:00 AM,2021,12,06,03,32.6,94,Moderate,31.0,UG/M3,1 Hr,Valid
Sarajevo,PM2.5 - Principal,2021-12-06 04:00 AM,2021,12,06,04,29.3,87,Moderate,26.0,UG/M3,1 Hr,Valid
Sarajevo,PM2.5 - Principal,2021-12-06 05:00 AM,2021,12,06,05,24.1,76,Moderate,19.0,UG/M3,1 Hr,Valid
Sarajevo,PM2.5 - Principal,2021-12-06 06:00 AM,2021,12,06,06,25.5,79,Moderate,27.0,UG/M3,1 Hr,Valid
Sarajevo,PM2.5 - Principal,2021-12-06 07:00 AM,2021,12,06,07,23.2,74,Moderate,21.0,UG/M3,1 Hr,Valid
Sarajevo,PM2.5 - Principal,2021-12-06 08:00 AM,2021,12,06,08,25.6,79,Moderate,28.0,UG/M3,1 Hr,Valid
Sarajevo,PM2.5 - Principal,2021-12-06 09:00 AM,2021,12,06,09,29.8,88,Moderate,34.0,UG/M3,1 Hr,Valid
Sarajevo,PM2.5 - Principal,2021-12-06 10:00 AM,2021,12,06,10,27.9,84,Moderate,26.0,UG/M3,1 Hr,Valid
Sarajevo,PM2.5 - Principal,2021-12-06 11:00 AM,2021,12,06,11,30.5,90,Moderate,34.0,UG/M3,1 Hr,Valid
Sarajevo,PM2.5 - Principal,2021-12-06 12:00 PM,2021,12,06,12,37.9,107,Unhealthy for Sensitive Groups,45.0,UG/M3,1 Hr,Valid
Sarajevo,PM2.5 - Principal,2021-12-06 01:00 PM,2021,12,06,13,60.4,154,Unhealthy,83.0,UG/M3,1 Hr,Valid
Sarajevo,PM2.5 - Principal,2021-12-06 02:00 PM,2021,12,06,14,68.7,158,Unhealthy,77.0,UG/M3,1 Hr,Valid
Sarajevo,PM2.5 - Principal,2021-12-06 03:00 PM,2021,12,06,15,66.8,157,Unhealthy,65.0,UG/M3,1 Hr,Valid
Sarajevo,PM2.5 - Principal,2021-12-06 04:00 PM,2021,12,06,16,60.4,154,Unhealthy,54.0,UG/M3,1 Hr,Valid
Sarajevo,PM2.5 - Principal,2021-12-06 05:00 PM,2021,12,06,17,59.7,153,Unhealthy,59.0,UG/M3,1 Hr,Valid
Sarajevo,PM2.5 - Principal,2021-12-06 06:00 PM,2021,12,06,18,59.3,153,Unhealthy,59.0,UG/M3,1 Hr,Valid
Sarajevo,PM2.5 - Principal,2021-12-06 07:00 PM,2021,12,06,19,57.6,152,Unhealthy,56.0,UG/M3,1 Hr,Valid
Sarajevo,PM2.5 - Principal,2021-12-06 08:00 PM,2021,12,06,20,58.3,152,Unhealthy,59.0,UG/M3,1 Hr,Valid
Sarajevo,PM2.5 - Principal,2021-12-06 09:00 PM,2021,12,06,21,47.6,131,Unhealthy for Sensitive Groups,37.0,UG/M3,1 Hr,Valid
Sarajevo,PM2.5 - Principal,2021-12-06 10:00 PM,2021,12,06,22,36.8,104,Unhealthy for Sensitive Groups,26.0,UG/M3,1 Hr,Valid
Sarajevo,PM2.5 - Principal,2021-12-06 11:00 PM,2021,12,06,23,33.9,97,Moderate,31.0,UG/M3,1 Hr,Valid
Sarajevo,PM2.5 - Principal,2021-12-07 12:00 AM,2021,12,07,00,28.9,86,Moderate,24.0,UG/M3,1 Hr,Valid
Sarajevo,PM2.5 - Principal,2021-12-07 01:00 AM,2021,12,07,01,23.4,75,Moderate,18.0,UG/M3,1 Hr,Valid
Sarajevo,PM2.5 - Principal,2021-12-07 02:00 AM,2021,12,07,02,20.2,68,Moderate,17.0,UG/M3,1 Hr,Valid
Sarajevo,PM2.5 - Principal,2021-12-07 03:00 AM,2021,12,07,03,16.1,59,Moderate,12.0,UG/M3,1 Hr,Valid
Sarajevo,PM2.5 - Principal,2021-12-07 04:00 AM,2021,12,07,04,12.5,52,Moderate,9.0,UG/M3,1 Hr,Valid
Sarajevo,PM2.5 - Principal,2021-12-07 05:00 AM,2021,12,07,05,11.7,49,Good,11.0,UG/M3,1 Hr,Valid
Sarajevo,PM2.5 - Principal,2021-12-07 06:00 AM,2021,12,07,06,11.3,47,Good,11.0,UG/M3,1 Hr,Valid
Sarajevo,PM2.5 - Principal,2021-12-07 07:00 AM,2021,12,07,07,9.1,38,Good,7.0,UG/M3,1 Hr,Valid
Sarajevo,PM2.5 - Principal,2021-12-07 08:00 AM,2021,12,07,08,9.0,38,Good,9.0,UG/M3,1 Hr,Valid
Sarajevo,PM2.5 - Principal,2021-12-07 09:00 AM,2021,12,07,09,12.0,50,Good,15.0,UG/M3,1 Hr,Valid
Sarajevo,PM2.5 - Principal,2021-12-07 10:00 AM,2021,12,07,10,16.5,60,Moderate,21.0,UG/M3,1 Hr,Valid
Sarajevo,PM2.5 - Principal,2021-12-07 11:00 AM,2021,12,07,11,19.7,67,Moderate,23.0,UG/M3,1 Hr,Valid
Sarajevo,PM2.5 - Principal,2021-12-07 12:00 PM,2021,12,07,12,20.8,69,Moderate,22.0,UG/M3,1 Hr,Valid
Sarajevo,PM2.5 - Principal,2021-12-07 01:00 PM,2021,12,07,13,19.9,67,Moderate,19.0,UG/M3,1 Hr,Valid
Sarajevo,PM2.5 - Principal,2021-12-07 02:00 PM,2021,12,07,14,20.4,68,Moderate,21.0,UG/M3,1 Hr,Valid
Sarajevo,PM2.5 - Principal,2021-12-07 03:00 PM,2021,12,07,15,24.2,76,Moderate,28.0,UG/M3,1 Hr,Valid
Sarajevo,PM2.5 - Principal,2021-12-07 04:00 PM,2021,12,07,16,24.1,76,Moderate,24.0,UG/M3,1 Hr,Valid
Sarajevo,PM2.5 - Principal,2021-12-07 05:00 PM,2021,12,07,17,25.0,78,Moderate,26.0,UG/M3,1 Hr,Valid
Sarajevo,PM2.5 - Principal,2021-12-07 06:00 PM,2021,12,07,18,31.0,91,Moderate,37.0,UG/M3,1 Hr,Valid
Sarajevo,PM2.5 - Principal,2021-12-07 07:00 PM,2021,12,07,19,39.0,110,Unhealthy for Sensitive Groups,47.0,UG/M3,1 Hr,Valid
Sarajevo,PM2.5 - Principal,2021-12-07 08:00 PM,2021,12,07,20,43.0,119,Unhealthy for Sensitive Groups,47.0,UG/M3,1 Hr,Valid
Sarajevo,PM2.5 - Principal,2021-12-07 09:00 PM,2021,12,07,21,46.5,128,Unhealthy for Sensitive Groups,50.0,UG/M3,1 Hr,Valid
Sarajevo,PM2.5 - Principal,2021-12-07 10:00 PM,2021,12,07,22,43.2,120,Unhealthy for Sensitive Groups,40.0,UG/M3,1 Hr,Valid
Sarajevo,PM2.5 - Principal,2021-12-07 11:00 PM,2021,12,07,23,38.1,107,Unhealthy for Sensitive Groups,33.0,UG/M3,1 Hr,Valid
Sarajevo,PM2.5 - Principal,2021-12-08 12:00 AM,2021,12,08,00,38.0,107,Unhealthy for Sensitive Groups,38.0,UG/M3,1 Hr,Valid
Sarajevo,PM2.5 - Principal,2021-12-08 01:00 AM,2021,12,08,01,47.5,131,Unhealthy for Sensitive Groups,57.0,UG/M3,1 Hr,Valid
Sarajevo,PM2.5 - Principal,2021-12-08 02:00 AM,2021,12,08,02,58.7,153,Unhealthy,70.0,UG/M3,1 Hr,Valid
Sarajevo,PM2.5 - Principal,2021-12-08 03:00 AM,2021,12,08,03,64.8,156,Unhealthy,71.0,UG/M3,1 Hr,Valid
Sarajevo,PM2.5 - Principal,2021-12-08 04:00 AM,2021,12,08,04,60.9,154,Unhealthy,57.0,UG/M3,1 Hr,Valid
Sarajevo,PM2.5 - Principal,2021-12-08 05:00 AM,2021,12,08,05,53.9,146,Unhealthy for Sensitive Groups,47.0,UG/M3,1 Hr,Valid
Sarajevo,PM2.5 - Principal,2021-12-08 06:00 AM,2021,12,08,06,40.9,114,Unhealthy for Sensitive Groups,28.0,UG/M3,1 Hr,Valid
Sarajevo,PM2.5 - Principal,2021-12-08 07:00 AM,2021,12,08,07,31.9,93,Moderate,23.0,UG/M3,1 Hr,Valid
Sarajevo,PM2.5 - Principal,2021-12-08 08:00 AM,2021,12,08,08,29.9,88,Moderate,28.0,UG/M3,1 Hr,Valid
Sarajevo,PM2.5 - Principal,2021-12-08 09:00 AM,2021,12,08,09,24.4,77,Moderate,19.0,UG/M3,1 Hr,Valid
Sarajevo,PM2.5 - Principal,2021-12-08 10:00 AM,2021,12,08,10,25.7,80,Moderate,27.0,UG/M3,1 Hr,Valid
Sarajevo,PM2.5 - Principal,2021-12-08 11:00 AM,2021,12,08,11,34.3,98,Moderate,43.0,UG/M3,1 Hr,Valid
Sarajevo,PM2.5 - Principal,2021-12-08 12:00 PM,2021,12,08,12,38.6,109,Unhealthy for Sensitive Groups,43.0,UG/M3,1 Hr,Valid
Sarajevo,PM2.5 - Principal,2021-12-08 01:00 PM,2021,12,08,13,38.6,109,Unhealthy for Sensitive Groups,-999.0,UG/M3,1 Hr,Missing
Sarajevo,PM2.5 - Principal,2021-12-08 02:00 PM,2021,12,08,14,55.5,151,Unhealthy,64.0,UG/M3,1 Hr,Valid
Sarajevo,PM2.5 - Principal,2021-12-08 03:00 PM,2021,12,08,15,58.6,153,Unhealthy,61.0,UG/M3,1 Hr,Valid
Sarajevo,PM2.5 - Principal,2021-12-08 04:00 PM,2021,12,08,16,70.5,159,Unhealthy,81.0,UG/M3,1 Hr,Valid
Sarajevo,PM2.5 - Principal,2021-12-08 05:00 PM,2021,12,08,17,75.9,162,Unhealthy,81.0,UG/M3,1 Hr,Valid
Sarajevo,PM2.5 - Principal,2021-12-08 06:00 PM,2021,12,08,18,102.4,175,Unhealthy,128.0,UG/M3,1 Hr,Valid
Sarajevo,PM2.5 - Principal,2021-12-08 07:00 PM,2021,12,08,19,146.5,198,Unhealthy,190.0,UG/M3,1 Hr,Valid
Sarajevo,PM2.5 - Principal,2021-12-08 08:00 PM,2021,12,08,20,127.2,188,Unhealthy,108.0,UG/M3,1 Hr,Valid
Sarajevo,PM2.5 - Principal,2021-12-08 09:00 PM,2021,12,08,21,102.0,175,Unhealthy,77.0,UG/M3,1 Hr,Valid
Sarajevo,PM2.5 - Principal,2021-12-08 10:00 PM,2021,12,08,22,121.0,185,Unhealthy,140.0,UG/M3,1 Hr,Valid
Sarajevo,PM2.5 - Principal,2021-12-08 11:00 PM,2021,12,08,23,104.5,176,Unhealthy,88.0,UG/M3,1 Hr,Valid
Sarajevo,PM2.5 - Principal,2021-12-09 12:00 AM,2021,12,09,00,69.2,158,Unhealthy,34.0,UG/M3,1 Hr,Valid
Sarajevo,PM2.5 - Principal,2021-12-09 01:00 AM,2021,12,09,01,50.1,137,Unhealthy for Sensitive Groups,31.0,UG/M3,1 Hr,Valid
Sarajevo,PM2.5 - Principal,2021-12-09 02:00 AM,2021,12,09,02,30.5,90,Moderate,11.0,UG/M3,1 Hr,Valid
Sarajevo,PM2.5 - Principal,2021-12-09 03:00 AM,2021,12,09,03,24.2,76,Moderate,18.0,UG/M3,1 Hr,Valid
Sarajevo,PM2.5 - Principal,2021-12-09 04:00 AM,2021,12,09,04,16.6,60,Moderate,9.0,UG/M3,1 Hr,Valid
Sarajevo,PM2.5 - Principal,2021-12-09 05:00 AM,2021,12,09,05,11.3,47,Good,6.0,UG/M3,1 Hr,Valid
Sarajevo,PM2.5 - Principal,2021-12-09 06:00 AM,2021,12,09,06,7.6,32,Good,4.0,UG/M3,1 Hr,Valid
Sarajevo,PM2.5 - Principal,2021-12-09 07:00 AM,2021,12,09,07,5.7,24,Good,4.0,UG/M3,1 Hr,Valid
Sarajevo,PM2.5 - Principal,2021-12-09 08:00 AM,2021,12,09,08,5.3,22,Good,5.0,UG/M3,1 Hr,Valid
Sarajevo,PM2.5 - Principal,2021-12-09 09:00 AM,2021,12,09,09,7.6,32,Good,10.0,UG/M3,1 Hr,Valid
Sarajevo,PM2.5 - Principal,2021-12-09 10:00 AM,2021,12,09,10,15.8,59,Moderate,24.0,UG/M3,1 Hr,Valid
Sarajevo,PM2.5 - Principal,2021-12-09 11:00 AM,2021,12,09,11,12.9,53,Moderate,10.0,UG/M3,1 Hr,Valid
Sarajevo,PM2.5 - Principal,2021-12-09 12:00 PM,2021,12,09,12,10.4,43,Good,8.0,UG/M3,1 Hr,Valid
Sarajevo,PM2.5 - Principal,2021-12-09 01:00 PM,2021,12,09,13,11.2,47,Good,12.0,UG/M3,1 Hr,Valid
Sarajevo,PM2.5 - Principal,2021-12-09 02:00 PM,2021,12,09,14,13.1,53,Moderate,15.0,UG/M3,1 Hr,Valid
Sarajevo,PM2.5 - Principal,2021-12-09 03:00 PM,2021,12,09,15,19.5,67,Moderate,26.0,UG/M3,1 Hr,Valid
Sarajevo,PM2.5 - Principal,2021-12-09 04:00 PM,2021,12,09,16,13.7,54,Moderate,8.0,UG/M3,1 Hr,Valid
Sarajevo,PM2.5 - Principal,2021-12-09 05:00 PM,2021,12,09,17,11.8,49,Good,10.0,UG/M3,1 Hr,Valid
Sarajevo,PM2.5 - Principal,2021-12-09 06:00 PM,2021,12,09,18,15.9,59,Moderate,20.0,UG/M3,1 Hr,Valid
Sarajevo,PM2.5 - Principal,2021-12-09 07:00 PM,2021,12,09,19,36.4,103,Unhealthy for Sensitive Groups,57.0,UG/M3,1 Hr,Valid
Sarajevo,PM2.5 - Principal,2021-12-09 08:00 PM,2021,12,09,20,53.7,146,Unhealthy for Sensitive Groups,71.0,UG/M3,1 Hr,Valid
Sarajevo,PM2.5 - Principal,2021-12-09 09:00 PM,2021,12,09,21,36.8,104,Unhealthy for Sensitive Groups,20.0,UG/M3,1 Hr,Valid
Sarajevo,PM2.5 - Principal,2021-12-09 10:00 PM,2021,12,09,22,41.4,116,Unhealthy for Sensitive Groups,46.0,UG/M3,1 Hr,Valid
Sarajevo,PM2.5 - Principal,2021-12-09 11:00 PM,2021,12,09,23,31.2,91,Moderate,21.0,UG/M3,1 Hr,Valid
Sarajevo,PM2.5 - Principal,2021-12-10 12:00 AM,2021,12,10,00,25.1,78,Moderate,19.0,UG/M3,1 Hr,Valid
Sarajevo,PM2.5 - Principal,2021-12-10 01:00 AM,2021,12,10,01,26.0,80,Moderate,27.0,UG/M3,1 Hr,Valid
Sarajevo,PM2.5 - Principal,2021-12-10 02:00 AM,2021,12,10,02,29.5,88,Moderate,33.0,UG/M3,1 Hr,Valid
Sarajevo,PM2.5 - Principal,2021-12-10 03:00 AM,2021,12,10,03,36.2,103,Unhealthy for Sensitive Groups,43.0,UG/M3,1 Hr,Valid
Sarajevo,PM2.5 - Principal,2021-12-10 04:00 AM,2021,12,10,04,36.1,102,Unhealthy for Sensitive Groups,36.0,UG/M3,1 Hr,Valid
Sarajevo,PM2.5 - Principal,2021-12-10 05:00 AM,2021,12,10,05,31.0,91,Moderate,26.0,UG/M3,1 Hr,Valid
Sarajevo,PM2.5 - Principal,2021-12-10 06:00 AM,2021,12,10,06,25.0,78,Moderate,19.0,UG/M3,1 Hr,Valid
Sarajevo,PM2.5 - Principal,2021-12-10 07:00 AM,2021,12,10,07,27.0,82,Moderate,29.0,UG/M3,1 Hr,Valid
Sarajevo,PM2.5 - Principal,2021-12-10 08:00 AM,2021,12,10,08,26.0,80,Moderate,25.0,UG/M3,1 Hr,Valid
Sarajevo,PM2.5 - Principal,2021-12-10 09:00 AM,2021,12,10,09,29.0,87,Moderate,32.0,UG/M3,1 Hr,Valid
Sarajevo,PM2.5 - Principal,2021-12-10 10:00 AM,2021,12,10,10,39.5,111,Unhealthy for Sensitive Groups,50.0,UG/M3,1 Hr,Valid
Sarajevo,PM2.5 - Principal,2021-12-10 11:00 AM,2021,12,10,11,52.2,142,Unhealthy for Sensitive Groups,65.0,UG/M3,1 Hr,Valid
Sarajevo,PM2.5 - Principal,2021-12-10 12:00 PM,2021,12,10,12,50.6,138,Unhealthy for Sensitive Groups,49.0,UG/M3,1 Hr,Valid
Sarajevo,PM2.5 - Principal,2021-12-10 01:00 PM,2021,12,10,13,43.8,121,Unhealthy for Sensitive Groups,37.0,UG/M3,1 Hr,Valid
Sarajevo,PM2.5 - Principal,2021-12-10 02:00 PM,2021,12,10,14,44.4,123,Unhealthy for Sensitive Groups,45.0,UG/M3,1 Hr,Valid
Sarajevo,PM2.5 - Principal,2021-12-10 03:00 PM,2021,12,10,15,50.2,137,Unhealthy for Sensitive Groups,56.0,UG/M3,1 Hr,Valid
Sarajevo,PM2.5 - Principal,2021-12-10 04:00 PM,2021,12,10,16,61.1,154,Unhealthy,72.0,UG/M3,1 Hr,Valid
Sarajevo,PM2.5 - Principal,2021-12-10 05:00 PM,2021,12,10,17,67.5,157,Unhealthy,74.0,UG/M3,1 Hr,Valid
Sarajevo,PM2.5 - Principal,2021-12-10 06:00 PM,2021,12,10,18,88.7,168,Unhealthy,110.0,UG/M3,1 Hr,Valid
Sarajevo,PM2.5 - Principal,2021-12-10 07:00 PM,2021,12,10,19,119.9,184,Unhealthy,151.0,UG/M3,1 Hr,Valid
Sarajevo,PM2.5 - Principal,2021-12-10 08:00 PM,2021,12,10,20,84.4,166,Unhealthy,49.0,UG/M3,1 Hr,Valid
Sarajevo,PM2.5 - Principal,2021-12-10 09:00 PM,2021,12,10,21,87.2,167,Unhealthy,90.0,UG/M3,1 Hr,Valid
Sarajevo,PM2.5 - Principal,2021-12-10 10:00 PM,2021,12,10,22,88.6,168,Unhealthy,90.0,UG/M3,1 Hr,Valid
Sarajevo,PM2.5 - Principal,2021-12-10 11:00 PM,2021,12,10,23,74.3,161,Unhealthy,60.0,UG/M3,1 Hr,Valid
Sarajevo,PM2.5 - Principal,2021-12-11 12:00 AM,2021,12,11,00,49.6,136,Unhealthy for Sensitive Groups,25.0,UG/M3,1 Hr,Valid
Sarajevo,PM2.5 - Principal,2021-12-11 01:00 AM,2021,12,11,01,31.8,92,Moderate,14.0,UG/M3,1 Hr,Valid
Sarajevo,PM2.5 - Principal,2021-12-11 02:00 AM,2021,12,11,02,23.4,75,Moderate,15.0,UG/M3,1 Hr,Valid
Sarajevo,PM2.5 - Principal,2021-12-11 03:00 AM,2021,12,11,03,16.6,60,Moderate,10.0,UG/M3,1 Hr,Valid
Sarajevo,PM2.5 - Principal,2021-12-11 04:00 AM,2021,12,11,04,11.3,47,Good,6.0,UG/M3,1 Hr,Valid
Sarajevo,PM2.5 - Principal,2021-12-11 05:00 AM,2021,12,11,05,8.1,34,Good,5.0,UG/M3,1 Hr,Valid
Sarajevo,PM2.5 - Principal,2021-12-11 06:00 AM,2021,12,11,06,7.0,29,Good,6.0,UG/M3,1 Hr,Valid
Sarajevo,PM2.5 - Principal,2021-12-11 07:00 AM,2021,12,11,07,7.5,31,Good,8.0,UG/M3,1 Hr,Valid
Sarajevo,PM2.5 - Principal,2021-12-11 08:00 AM,2021,12,11,08,12.2,51,Moderate,17.0,UG/M3,1 Hr,Valid
Sarajevo,PM2.5 - Principal,2021-12-11 09:00 AM,2021,12,11,09,18.1,64,Moderate,24.0,UG/M3,1 Hr,Valid
Sarajevo,PM2.5 - Principal,2021-12-11 10:00 AM,2021,12,11,10,23.5,75,Moderate,29.0,UG/M3,1 Hr,Valid
Sarajevo,PM2.5 - Principal,2021-12-11 11:00 AM,2021,12,11,11,25.7,80,Moderate,28.0,UG/M3,1 Hr,Valid
Sarajevo,PM2.5 - Principal,2021-12-11 12:00 PM,2021,12,11,12,30.3,89,Moderate,35.0,UG/M3,1 Hr,Valid
Sarajevo,PM2.5 - Principal,2021-12-11 01:00 PM,2021,12,11,13,32.1,93,Moderate,34.0,UG/M3,1 Hr,Valid
Sarajevo,PM2.5 - Principal,2021-12-11 02:00 PM,2021,12,11,14,43.1,120,Unhealthy for Sensitive Groups,54.0,UG/M3,1 Hr,Valid
Sarajevo,PM2.5 - Principal,2021-12-11 03:00 PM,2021,12,11,15,32.5,94,Moderate,22.0,UG/M3,1 Hr,Valid
Sarajevo,PM2.5 - Principal,2021-12-11 04:00 PM,2021,12,11,16,27.2,83,Moderate,22.0,UG/M3,1 Hr,Valid
Sarajevo,PM2.5 - Principal,2021-12-11 05:00 PM,2021,12,11,17,23.1,74,Moderate,19.0,UG/M3,1 Hr,Valid
Sarajevo,PM2.5 - Principal,2021-12-11 06:00 PM,2021,12,11,18,28.5,85,Moderate,34.0,UG/M3,1 Hr,Valid
Sarajevo,PM2.5 - Principal,2021-12-11 07:00 PM,2021,12,11,19,21.2,70,Moderate,14.0,UG/M3,1 Hr,Valid
Sarajevo,PM2.5 - Principal,2021-12-11 08:00 PM,2021,12,11,20,20.6,69,Moderate,20.0,UG/M3,1 Hr,Valid
Sarajevo,PM2.5 - Principal,2021-12-11 09:00 PM,2021,12,11,21,19.3,66,Moderate,18.0,UG/M3,1 Hr,Valid
Sarajevo,PM2.5 - Principal,2021-12-11 10:00 PM,2021,12,11,22,15.1,57,Moderate,11.0,UG/M3,1 Hr,Valid
Sarajevo,PM2.5 - Principal,2021-12-11 11:00 PM,2021,12,11,23,13.0,53,Moderate,11.0,UG/M3,1 Hr,Valid
Sarajevo,PM2.5 - Principal,2021-12-12 12:00 AM,2021,12,12,00,14.0,55,Moderate,15.0,UG/M3,1 Hr,Valid
Sarajevo,PM2.5 - Principal,2021-12-12 01:00 AM,2021,12,12,01,11.5,48,Good,9.0,UG/M3,1 Hr,Valid
Sarajevo,PM2.5 - Principal,2021-12-12 02:00 AM,2021,12,12,02,13.2,53,Moderate,15.0,UG/M3,1 Hr,Valid
Sarajevo,PM2.5 - Principal,2021-12-12 03:00 AM,2021,12,12,03,11.1,46,Good,9.0,UG/M3,1 Hr,Valid
Sarajevo,PM2.5 - Principal,2021-12-12 04:00 AM,2021,12,12,04,10.0,42,Good,9.0,UG/M3,1 Hr,Valid
Sarajevo,PM2.5 - Principal,2021-12-12 05:00 AM,2021,12,12,05,8.5,35,Good,7.0,UG/M3,1 Hr,Valid
Sarajevo,PM2.5 - Principal,2021-12-12 06:00 AM,2021,12,12,06,8.7,36,Good,9.0,UG/M3,1 Hr,Valid
Sarajevo,PM2.5 - Principal,2021-12-12 07:00 AM,2021,12,12,07,7.3,30,Good,6.0,UG/M3,1 Hr,Valid
Sarajevo,PM2.5 - Principal,2021-12-12 08:00 AM,2021,12,12,08,6.1,25,Good,5.0,UG/M3,1 Hr,Valid
Sarajevo,PM2.5 - Principal,2021-12-12 09:00 AM,2021,12,12,09,6.0,25,Good,6.0,UG/M3,1 Hr,Valid
Sarajevo,PM2.5 - Principal,2021-12-12 10:00 AM,2021,12,12,10,7.5,31,Good,9.0,UG/M3,1 Hr,Valid
Sarajevo,PM2.5 - Principal,2021-12-12 11:00 AM,2021,12,12,11,9.7,40,Good,12.0,UG/M3,1 Hr,Valid
Sarajevo,PM2.5 - Principal,2021-12-12 12:00 PM,2021,12,12,12,10.3,43,Good,11.0,UG/M3,1 Hr,Valid
Sarajevo,PM2.5 - Principal,2021-12-12 01:00 PM,2021,12,12,13,10.1,42,Good,10.0,UG/M3,1 Hr,Valid
Sarajevo,PM2.5 - Principal,2021-12-12 02:00 PM,2021,12,12,14,10.0,42,Good,10.0,UG/M3,1 Hr,Valid
Sarajevo,PM2.5 - Principal,2021-12-12 03:00 PM,2021,12,12,15,12.0,50,Good,14.0,UG/M3,1 Hr,Valid
Sarajevo,PM2.5 - Principal,2021-12-12 04:00 PM,2021,12,12,16,16.5,60,Moderate,21.0,UG/M3,1 Hr,Valid
Sarajevo,PM2.5 - Principal,2021-12-12 05:00 PM,2021,12,12,17,20.2,68,Moderate,24.0,UG/M3,1 Hr,Valid
Sarajevo,PM2.5 - Principal,2021-12-12 06:00 PM,2021,12,12,18,24.6,77,Moderate,29.0,UG/M3,1 Hr,Valid
Sarajevo,PM2.5 - Principal,2021-12-12 07:00 PM,2021,12,12,19,27.3,83,Moderate,30.0,UG/M3,1 Hr,Valid
Sarajevo,PM2.5 - Principal,2021-12-12 08:00 PM,2021,12,12,20,29.6,88,Moderate,32.0,UG/M3,1 Hr,Valid
Sarajevo,PM2.5 - Principal,2021-12-12 09:00 PM,2021,12,12,21,32.3,93,Moderate,35.0,UG/M3,1 Hr,Valid
Sarajevo,PM2.5 - Principal,2021-12-12 10:00 PM,2021,12,12,22,31.1,91,Moderate,30.0,UG/M3,1 Hr,Valid
Sarajevo,PM2.5 - Principal,2021-12-12 11:00 PM,2021,12,12,23,31.0,91,Moderate,31.0,UG/M3,1 Hr,Valid
Sarajevo,PM2.5 - Principal,2021-12-13 12:00 AM,2021,12,13,00,32.5,94,Moderate,34.0,UG/M3,1 Hr,Valid
Sarajevo,PM2.5 - Principal,2021-12-13 01:00 AM,2021,12,13,01,29.7,88,Moderate,27.0,UG/M3,1 Hr,Valid
Sarajevo,PM2.5 - Principal,2021-12-13 02:00 AM,2021,12,13,02,23.8,76,Moderate,18.0,UG/M3,1 Hr,Valid
Sarajevo,PM2.5 - Principal,2021-12-13 03:00 AM,2021,12,13,03,17.9,63,Moderate,12.0,UG/M3,1 Hr,Valid
Sarajevo,PM2.5 - Principal,2021-12-13 04:00 AM,2021,12,13,04,13.9,55,Moderate,10.0,UG/M3,1 Hr,Valid
Sarajevo,PM2.5 - Principal,2021-12-13 05:00 AM,2021,12,13,05,12.9,53,Moderate,12.0,UG/M3,1 Hr,Valid
Sarajevo,PM2.5 - Principal,2021-12-13 06:00 AM,2021,12,13,06,13.4,54,Moderate,14.0,UG/M3,1 Hr,Valid
Sarajevo,PM2.5 - Principal,2021-12-13 07:00 AM,2021,12,13,07,14.7,56,Moderate,16.0,UG/M3,1 Hr,Valid
Sarajevo,PM2.5 - Principal,2021-12-13 08:00 AM,2021,12,13,08,16.8,61,Moderate,19.0,UG/M3,1 Hr,Valid
Sarajevo,PM2.5 - Principal,2021-12-13 09:00 AM,2021,12,13,09,21.4,71,Moderate,26.0,UG/M3,1 Hr,Valid
Sarajevo,PM2.5 - Principal,2021-12-13 10:00 AM,2021,12,13,10,23.7,75,Moderate,26.0,UG/M3,1 Hr,Valid
Sarajevo,PM2.5 - Principal,2021-12-13 11:00 AM,2021,12,13,11,29.8,88,Moderate,36.0,UG/M3,1 Hr,Valid
Sarajevo,PM2.5 - Principal,2021-12-13 12:00 PM,2021,12,13,12,36.4,103,Unhealthy for Sensitive Groups,43.0,UG/M3,1 Hr,Valid
Sarajevo,PM2.5 - Principal,2021-12-13 01:00 PM,2021,12,13,13,32.7,94,Moderate,29.0,UG/M3,1 Hr,Valid
Sarajevo,PM2.5 - Principal,2021-12-13 02:00 PM,2021,12,13,14,28.3,85,Moderate,24.0,UG/M3,1 Hr,Valid
Sarajevo,PM2.5 - Principal,2021-12-13 03:00 PM,2021,12,13,15,30.1,89,Moderate,32.0,UG/M3,1 Hr,Valid
Sarajevo,PM2.5 - Principal,2021-12-13 04:00 PM,2021,12,13,16,36.5,103,Unhealthy for Sensitive Groups,43.0,UG/M3,1 Hr,Valid
Sarajevo,PM2.5 - Principal,2021-12-13 05:00 PM,2021,12,13,17,41.3,115,Unhealthy for Sensitive Groups,46.0,UG/M3,1 Hr,Valid
Sarajevo,PM2.5 - Principal,2021-12-13 06:00 PM,2021,12,13,18,60.1,153,Unhealthy,79.0,UG/M3,1 Hr,Valid
Sarajevo,PM2.5 - Principal,2021-12-13 07:00 PM,2021,12,13,19,66.0,156,Unhealthy,72.0,UG/M3,1 Hr,Valid
Sarajevo,PM2.5 - Principal,2021-12-13 08:00 PM,2021,12,13,20,71.0,159,Unhealthy,76.0,UG/M3,1 Hr,Valid
Sarajevo,PM2.5 - Principal,2021-12-13 09:00 PM,2021,12,13,21,72.0,160,Unhealthy,73.0,UG/M3,1 Hr,Valid
Sarajevo,PM2.5 - Principal,2021-12-13 10:00 PM,2021,12,13,22,75.5,161,Unhealthy,79.0,UG/M3,1 Hr,Valid
Sarajevo,PM2.5 - Principal,2021-12-13 11:00 PM,2021,12,13,23,61.2,154,Unhealthy,47.0,UG/M3,1 Hr,Valid
Sarajevo,PM2.5 - Principal,2021-12-14 12:00 AM,2021,12,14,00,47.6,131,Unhealthy for Sensitive Groups,34.0,UG/M3,1 Hr,Valid
Sarajevo,PM2.5 - Principal,2021-12-14 01:00 AM,2021,12,14,01,62.3,155,Unhealthy,77.0,UG/M3,1 Hr,Valid
Sarajevo,PM2.5 - Principal,2021-12-14 02:00 AM,2021,12,14,02,54.1,147,Unhealthy for Sensitive Groups,46.0,UG/M3,1 Hr,Valid
Sarajevo,PM2.5 - Principal,2021-12-14 03:00 AM,2021,12,14,03,44.0,122,Unhealthy for Sensitive Groups,34.0,UG/M3,1 Hr,Valid
Sarajevo,PM2.5 - Principal,2021-12-14 04:00 AM,2021,12,14,04,37.0,105,Unhealthy for Sensitive Groups,30.0,UG/M3,1 Hr,Valid
Sarajevo,PM2.5 - Principal,2021-12-14 05:00 AM,2021,12,14,05,37.0,105,Unhealthy for Sensitive Groups,37.0,UG/M3,1 Hr,Valid
Sarajevo,PM2.5 - Principal,2021-12-14 06:00 AM,2021,12,14,06,32.5,94,Moderate,28.0,UG/M3,1 Hr,Valid
Sarajevo,PM2.5 - Principal,2021-12-14 07:00 AM,2021,12,14,07,35.2,100,Moderate,38.0,UG/M3,1 Hr,Valid
Sarajevo,PM2.5 - Principal,2021-12-14 08:00 AM,2021,12,14,08,42.1,117,Unhealthy for Sensitive Groups,49.0,UG/M3,1 Hr,Valid
Sarajevo,PM2.5 - Principal,2021-12-14 09:00 AM,2021,12,14,09,49.0,134,Unhealthy for Sensitive Groups,56.0,UG/M3,1 Hr,Valid
Sarajevo,PM2.5 - Principal,2021-12-14 10:00 AM,2021,12,14,10,53.0,144,Unhealthy for Sensitive Groups,57.0,UG/M3,1 Hr,Valid
Sarajevo,PM2.5 - Principal,2021-12-14 11:00 AM,2021,12,14,11,64.0,155,Unhealthy,75.0,UG/M3,1 Hr,Valid
Sarajevo,PM2.5 - Principal,2021-12-14 12:00 PM,2021,12,14,12,64.0,155,Unhealthy,64.0,UG/M3,1 Hr,Valid
Sarajevo,PM2.5 - Principal,2021-12-14 01:00 PM,2021,12,14,13,65.0,156,Unhealthy,66.0,UG/M3,1 Hr,Valid
Sarajevo,PM2.5 - Principal,2021-12-14 02:00 PM,2021,12,14,14,57.5,152,Unhealthy,50.0,UG/M3,1 Hr,Valid
Sarajevo,PM2.5 - Principal,2021-12-14 03:00 PM,2021,12,14,15,51.7,141,Unhealthy for Sensitive Groups,46.0,UG/M3,1 Hr,Valid
Sarajevo,PM2.5 - Principal,2021-12-14 04:00 PM,2021,12,14,16,50.8,139,Unhealthy for Sensitive Groups,50.0,UG/M3,1 Hr,Valid
Sarajevo,PM2.5 - Principal,2021-12-14 05:00 PM,2021,12,14,17,81.4,164,Unhealthy,112.0,UG/M3,1 Hr,Valid
Sarajevo,PM2.5 - Principal,2021-12-14 06:00 PM,2021,12,14,18,93.7,171,Unhealthy,106.0,UG/M3,1 Hr,Valid
Sarajevo,PM2.5 - Principal,2021-12-14 07:00 PM,2021,12,14,19,70.8,159,Unhealthy,48.0,UG/M3,1 Hr,Valid
Sarajevo,PM2.5 - Principal,2021-12-14 08:00 PM,2021,12,14,20,59.4,153,Unhealthy,48.0,UG/M3,1 Hr,Valid
Sarajevo,PM2.5 - Principal,2021-12-14 09:00 PM,2021,12,14,21,55.7,151,Unhealthy,52.0,UG/M3,1 Hr,Valid
Sarajevo,PM2.5 - Principal,2021-12-14 10:00 PM,2021,12,14,22,55.8,151,Unhealthy,56.0,UG/M3,1 Hr,Valid
Sarajevo,PM2.5 - Principal,2021-12-14 11:00 PM,2021,12,14,23,60.4,154,Unhealthy,65.0,UG/M3,1 Hr,Valid
Sarajevo,PM2.5 - Principal,2021-12-15 12:00 AM,2021,12,15,00,70.7,159,Unhealthy,81.0,UG/M3,1 Hr,Valid
Sarajevo,PM2.5 - Principal,2021-12-15 01:00 AM,2021,12,15,01,95.8,172,Unhealthy,121.0,UG/M3,1 Hr,Valid
Sarajevo,PM2.5 - Principal,2021-12-15 02:00 AM,2021,12,15,02,105.9,177,Unhealthy,116.0,UG/M3,1 Hr,Valid
Sarajevo,PM2.5 - Principal,2021-12-15 03:00 AM,2021,12,15,03,111.4,180,Unhealthy,117.0,UG/M3,1 Hr,Valid
Sarajevo,PM2.5 - Principal,2021-12-15 04:00 AM,2021,12,15,04,116.7,183,Unhealthy,122.0,UG/M3,1 Hr,Valid
Sarajevo,PM2.5 - Principal,2021-12-15 05:00 AM,2021,12,15,05,122.8,186,Unhealthy,129.0,UG/M3,1 Hr,Valid
Sarajevo,PM2.5 - Principal,2021-12-15 06:00 AM,2021,12,15,06,118.9,184,Unhealthy,115.0,UG/M3,1 Hr,Valid
Sarajevo,PM2.5 - Principal,2021-12-15 07:00 AM,2021,12,15,07,114.4,181,Unhealthy,110.0,UG/M3,1 Hr,Valid
Sarajevo,PM2.5 - Principal,2021-12-15 08:00 AM,2021,12,15,08,117.2,183,Unhealthy,120.0,UG/M3,1 Hr,Valid
Sarajevo,PM2.5 - Principal,2021-12-15 09:00 AM,2021,12,15,09,121.1,185,Unhealthy,125.0,UG/M3,1 Hr,Valid
Sarajevo,PM2.5 - Principal,2021-12-15 10:00 AM,2021,12,15,10,128.0,188,Unhealthy,135.0,UG/M3,1 Hr,Valid
Sarajevo,PM2.5 - Principal,2021-12-15 11:00 AM,2021,12,15,11,126.9,188,Unhealthy,128.0,UG/M3,1 Hr,Valid
Sarajevo,PM2.5 - Principal,2021-12-15 12:00 PM,2021,12,15,12,127.2,188,Unhealthy,138.0,UG/M3,1 Hr,Valid
Sarajevo,PM2.5 - Principal,2021-12-15 01:00 PM,2021,12,15,13,91.0,169,Unhealthy,49.0,UG/M3,1 Hr,Valid
Sarajevo,PM2.5 - Principal,2021-12-15 02:00 PM,2021,12,15,14,71.9,159,Unhealthy,53.0,UG/M3,1 Hr,Valid
Sarajevo,PM2.5 - Principal,2021-12-15 03:00 PM,2021,12,15,15,67.9,157,Unhealthy,64.0,UG/M3,1 Hr,Valid
Sarajevo,PM2.5 - Principal,2021-12-15 04:00 PM,2021,12,15,16,63.9,155,Unhealthy,60.0,UG/M3,1 Hr,Valid
Sarajevo,PM2.5 - Principal,2021-12-15 05:00 PM,2021,12,15,17,65.9,156,Unhealthy,68.0,UG/M3,1 Hr,Valid
Sarajevo,PM2.5 - Principal,2021-12-15 06:00 PM,2021,12,15,18,80.4,164,Unhealthy,95.0,UG/M3,1 Hr,Valid
Sarajevo,PM2.5 - Principal,2021-12-15 07:00 PM,2021,12,15,19,105.7,177,Unhealthy,131.0,UG/M3,1 Hr,Valid
Sarajevo,PM2.5 - Principal,2021-12-15 08:00 PM,2021,12,15,20,113.8,181,Unhealthy,122.0,UG/M3,1 Hr,Valid
Sarajevo,PM2.5 - Principal,2021-12-15 09:00 PM,2021,12,15,21,110.4,179,Unhealthy,107.0,UG/M3,1 Hr,Valid
Sarajevo,PM2.5 - Principal,2021-12-15 10:00 PM,2021,12,15,22,101.2,175,Unhealthy,92.0,UG/M3,1 Hr,Valid
Sarajevo,PM2.5 - Principal,2021-12-15 11:00 PM,2021,12,15,23,97.1,172,Unhealthy,93.0,UG/M3,1 Hr,Valid
Sarajevo,PM2.5 - Principal,2021-12-16 12:00 AM,2021,12,16,00,102.0,175,Unhealthy,107.0,UG/M3,1 Hr,Valid
Sarajevo,PM2.5 - Principal,2021-12-16 01:00 AM,2021,12,16,01,106.0,177,Unhealthy,110.0,UG/M3,1 Hr,Valid
Sarajevo,PM2.5 - Principal,2021-12-16 02:00 AM,2021,12,16,02,90.0,169,Unhealthy,74.0,UG/M3,1 Hr,Valid
Sarajevo,PM2.5 - Principal,2021-12-16 03:00 AM,2021,12,16,03,83.5,165,Unhealthy,77.0,UG/M3,1 Hr,Valid
Sarajevo,PM2.5 - Principal,2021-12-16 04:00 AM,2021,12,16,04,67.2,157,Unhealthy,51.0,UG/M3,1 Hr,Valid
Sarajevo,PM2.5 - Principal,2021-12-16 05:00 AM,2021,12,16,05,55.6,151,Unhealthy,44.0,UG/M3,1 Hr,Valid
Sarajevo,PM2.5 - Principal,2021-12-16 06:00 AM,2021,12,16,06,51.8,141,Unhealthy for Sensitive Groups,48.0,UG/M3,1 Hr,Valid
Sarajevo,PM2.5 - Principal,2021-12-16 07:00 AM,2021,12,16,07,51.3,140,Unhealthy for Sensitive Groups,51.0,UG/M3,1 Hr,Valid
Sarajevo,PM2.5 - Principal,2021-12-16 08:00 AM,2021,12,16,08,51.1,139,Unhealthy for Sensitive Groups,51.0,UG/M3,1 Hr,Valid
Sarajevo,PM2.5 - Principal,2021-12-16 09:00 AM,2021,12,16,09,57.0,152,Unhealthy,63.0,UG/M3,1 Hr,Valid
Sarajevo,PM2.5 - Principal,2021-12-16 10:00 AM,2021,12,16,10,63.0,155,Unhealthy,69.0,UG/M3,1 Hr,Valid
Sarajevo,PM2.5 - Principal,2021-12-16 11:00 AM,2021,12,16,11,57.5,152,Unhealthy,52.0,UG/M3,1 Hr,Valid
Sarajevo,PM2.5 - Principal,2021-12-16 12:00 PM,2021,12,16,12,69.2,158,Unhealthy,81.0,UG/M3,1 Hr,Valid
Sarajevo,PM2.5 - Principal,2021-12-16 01:00 PM,2021,12,16,13,78.6,163,Unhealthy,88.0,UG/M3,1 Hr,Valid
Sarajevo,PM2.5 - Principal,2021-12-16 02:00 PM,2021,12,16,14,76.8,162,Unhealthy,75.0,UG/M3,1 Hr,Valid
Sarajevo,PM2.5 - Principal,2021-12-16 03:00 PM,2021,12,16,15,72.9,160,Unhealthy,69.0,UG/M3,1 Hr,Valid
Sarajevo,PM2.5 - Principal,2021-12-16 04:00 PM,2021,12,16,16,71.9,159,Unhealthy,71.0,UG/M3,1 Hr,Valid
Sarajevo,PM2.5 - Principal,2021-12-16 05:00 PM,2021,12,16,17,77.4,162,Unhealthy,84.0,UG/M3,1 Hr,Valid
Sarajevo,PM2.5 - Principal,2021-12-16 06:00 PM,2021,12,16,18,86.8,167,Unhealthy,97.0,UG/M3,1 Hr,Valid
Sarajevo,PM2.5 - Principal,2021-12-16 07:00 PM,2021,12,16,19,108.7,178,Unhealthy,130.0,UG/M3,1 Hr,Valid
Sarajevo,PM2.5 - Principal,2021-12-16 08:00 PM,2021,12,16,20,113.8,181,Unhealthy,119.0,UG/M3,1 Hr,Valid
Sarajevo,PM2.5 - Principal,2021-12-16 09:00 PM,2021,12,16,21,117.4,183,Unhealthy,121.0,UG/M3,1 Hr,Valid
Sarajevo,PM2.5 - Principal,2021-12-16 10:00 PM,2021,12,16,22,107.7,178,Unhealthy,98.0,UG/M3,1 Hr,Valid
Sarajevo,PM2.5 - Principal,2021-12-16 11:00 PM,2021,12,16,23,71.3,159,Unhealthy,35.0,UG/M3,1 Hr,Valid
Sarajevo,PM2.5 - Principal,2021-12-17 12:00 AM,2021,12,17,00,57.6,152,Unhealthy,44.0,UG/M3,1 Hr,Valid
Sarajevo,PM2.5 - Principal,2021-12-17 01:00 AM,2021,12,17,01,64.3,156,Unhealthy,71.0,UG/M3,1 Hr,Valid
Sarajevo,PM2.5 - Principal,2021-12-17 02:00 AM,2021,12,17,02,66.1,156,Unhealthy,68.0,UG/M3,1 Hr,Valid
Sarajevo,PM2.5 - Principal,2021-12-17 03:00 AM,2021,12,17,03,66.0,156,Unhealthy,66.0,UG/M3,1 Hr,Valid
Sarajevo,PM2.5 - Principal,2021-12-17 04:00 AM,2021,12,17,04,56.5,152,Unhealthy,47.0,UG/M3,1 Hr,Valid
Sarajevo,PM2.5 - Principal,2021-12-17 05:00 AM,2021,12,17,05,56.7,152,Unhealthy,57.0,UG/M3,1 Hr,Valid
Sarajevo,PM2.5 - Principal,2021-12-17 06:00 AM,2021,12,17,06,51.8,141,Unhealthy for Sensitive Groups,47.0,UG/M3,1 Hr,Valid
Sarajevo,PM2.5 - Principal,2021-12-17 07:00 AM,2021,12,17,07,47.4,130,Unhealthy for Sensitive Groups,43.0,UG/M3,1 Hr,Valid
Sarajevo,PM2.5 - Principal,2021-12-17 08:00 AM,2021,12,17,08,48.2,132,Unhealthy for Sensitive Groups,49.0,UG/M3,1 Hr,Valid
Sarajevo,PM2.5 - Principal,2021-12-17 09:00 AM,2021,12,17,09,49.0,134,Unhealthy for Sensitive Groups,50.0,UG/M3,1 Hr,Valid
Sarajevo,PM2.5 - Principal,2021-12-17 10:00 AM,2021,12,17,10,44.0,122,Unhealthy for Sensitive Groups,39.0,UG/M3,1 Hr,Valid
Sarajevo,PM2.5 - Principal,2021-12-17 11:00 AM,2021,12,17,11,33.0,95,Moderate,22.0,UG/M3,1 Hr,Valid
Sarajevo,PM2.5 - Principal,2021-12-17 12:00 PM,2021,12,17,12,30.5,90,Moderate,28.0,UG/M3,1 Hr,Valid
Sarajevo,PM2.5 - Principal,2021-12-17 01:00 PM,2021,12,17,13,29.7,88,Moderate,29.0,UG/M3,1 Hr,Valid
Sarajevo,PM2.5 - Principal,2021-12-17 02:00 PM,2021,12,17,14,23.3,75,Moderate,17.0,UG/M3,1 Hr,Valid
Sarajevo,PM2.5 - Principal,2021-12-17 03:00 PM,2021,12,17,15,20.6,69,Moderate,18.0,UG/M3,1 Hr,Valid
Sarajevo,PM2.5 - Principal,2021-12-17 04:00 PM,2021,12,17,16,20.3,68,Moderate,20.0,UG/M3,1 Hr,Valid
Sarajevo,PM2.5 - Principal,2021-12-17 05:00 PM,2021,12,17,17,21.1,70,Moderate,22.0,UG/M3,1 Hr,Valid
Sarajevo,PM2.5 - Principal,2021-12-17 06:00 PM,2021,12,17,18,21.0,70,Moderate,21.0,UG/M3,1 Hr,Valid
Sarajevo,PM2.5 - Principal,2021-12-17 07:00 PM,2021,12,17,19,15.0,57,Moderate,9.0,UG/M3,1 Hr,Valid
Sarajevo,PM2.5 - Principal,2021-12-17 08:00 PM,2021,12,17,20,13.0,53,Moderate,11.0,UG/M3,1 Hr,Valid
Sarajevo,PM2.5 - Principal,2021-12-17 09:00 PM,2021,12,17,21,12.0,50,Good,11.0,UG/M3,1 Hr,Valid
Sarajevo,PM2.5 - Principal,2021-12-17 10:00 PM,2021,12,17,22,13.9,55,Moderate,16.0,UG/M3,1 Hr,Valid
Sarajevo,PM2.5 - Principal,2021-12-17 11:00 PM,2021,12,17,23,19.9,67,Moderate,26.0,UG/M3,1 Hr,Valid
Sarajevo,PM2.5 - Principal,2021-12-18 12:00 AM,2021,12,18,00,17.9,63,Moderate,16.0,UG/M3,1 Hr,Valid
Sarajevo,PM2.5 - Principal,2021-12-18 01:00 AM,2021,12,18,01,20.4,68,Moderate,23.0,UG/M3,1 Hr,Valid
Sarajevo,PM2.5 - Principal,2021-12-18 02:00 AM,2021,12,18,02,18.7,65,Moderate,17.0,UG/M3,1 Hr,Valid
Sarajevo,PM2.5 - Principal,2021-12-18 03:00 AM,2021,12,18,03,14.8,57,Moderate,11.0,UG/M3,1 Hr,Valid
Sarajevo,PM2.5 - Principal,2021-12-18 04:00 AM,2021,12,18,04,10.9,45,Good,7.0,UG/M3,1 Hr,Valid
Sarajevo,PM2.5 - Principal,2021-12-18 05:00 AM,2021,12,18,05,8.4,35,Good,6.0,UG/M3,1 Hr,Valid
Sarajevo,PM2.5 - Principal,2021-12-18 06:00 AM,2021,12,18,06,9.7,40,Good,11.0,UG/M3,1 Hr,Valid
Sarajevo,PM2.5 - Principal,2021-12-18 07:00 AM,2021,12,18,07,10.3,43,Good,11.0,UG/M3,1 Hr,Valid
Sarajevo,PM2.5 - Principal,2021-12-18 08:00 AM,2021,12,18,08,9.6,40,Good,9.0,UG/M3,1 Hr,Valid
Sarajevo,PM2.5 - Principal,2021-12-18 09:00 AM,2021,12,18,09,11.8,49,Good,14.0,UG/M3,1 Hr,Valid
Sarajevo,PM2.5 - Principal,2021-12-18 10:00 AM,2021,12,18,10,13.9,55,Moderate,16.0,UG/M3,1 Hr,Valid
Sarajevo,PM2.5 - Principal,2021-12-18 11:00 AM,2021,12,18,11,17.9,63,Moderate,22.0,UG/M3,1 Hr,Valid
Sarajevo,PM2.5 - Principal,2021-12-18 12:00 PM,2021,12,18,12,22.4,73,Moderate,27.0,UG/M3,1 Hr,Valid
Sarajevo,PM2.5 - Principal,2021-12-18 01:00 PM,2021,12,18,13,21.7,71,Moderate,21.0,UG/M3,1 Hr,Valid
Sarajevo,PM2.5 - Principal,2021-12-18 02:00 PM,2021,12,18,14,20.3,68,Moderate,19.0,UG/M3,1 Hr,Valid
Sarajevo,PM2.5 - Principal,2021-12-18 03:00 PM,2021,12,18,15,22.1,72,Moderate,24.0,UG/M3,1 Hr,Valid
Sarajevo,PM2.5 - Principal,2021-12-18 04:00 PM,2021,12,18,16,28.0,84,Moderate,34.0,UG/M3,1 Hr,Valid
Sarajevo,PM2.5 - Principal,2021-12-18 05:00 PM,2021,12,18,17,27.0,82,Moderate,26.0,UG/M3,1 Hr,Valid
Sarajevo,PM2.5 - Principal,2021-12-18 06:00 PM,2021,12,18,18,31.5,92,Moderate,36.0,UG/M3,1 Hr,Valid
Sarajevo,PM2.5 - Principal,2021-12-18 07:00 PM,2021,12,18,19,37.2,105,Unhealthy for Sensitive Groups,43.0,UG/M3,1 Hr,Valid
Sarajevo,PM2.5 - Principal,2021-12-18 08:00 PM,2021,12,18,20,40.1,112,Unhealthy for Sensitive Groups,43.0,UG/M3,1 Hr,Valid
Sarajevo,PM2.5 - Principal,2021-12-18 09:00 PM,2021,12,18,21,53.0,144,Unhealthy for Sensitive Groups,66.0,UG/M3,1 Hr,Valid
Sarajevo,PM2.5 - Principal,2021-12-18 10:00 PM,2021,12,18,22,61.0,154,Unhealthy,69.0,UG/M3,1 Hr,Valid
Sarajevo,PM2.5 - Principal,2021-12-18 11:00 PM,2021,12,18,23,52.5,143,Unhealthy for Sensitive Groups,44.0,UG/M3,1 Hr,Valid
Sarajevo,PM2.5 - Principal,2021-12-19 12:00 AM,2021,12,19,00,39.2,110,Unhealthy for Sensitive Groups,26.0,UG/M3,1 Hr,Valid
Sarajevo,PM2.5 - Principal,2021-12-19 01:00 AM,2021,12,19,01,35.1,99,Moderate,31.0,UG/M3,1 Hr,Valid
Sarajevo,PM2.5 - Principal,2021-12-19 02:00 AM,2021,12,19,02,43.5,121,Unhealthy for Sensitive Groups,52.0,UG/M3,1 Hr,Valid
Sarajevo,PM2.5 - Principal,2021-12-19 03:00 AM,2021,12,19,03,42.2,117,Unhealthy for Sensitive Groups,41.0,UG/M3,1 Hr,Valid
Sarajevo,PM2.5 - Principal,2021-12-19 04:00 AM,2021,12,19,04,49.1,134,Unhealthy for Sensitive Groups,56.0,UG/M3,1 Hr,Valid
Sarajevo,PM2.5 - Principal,2021-12-19 05:00 AM,2021,12,19,05,58.5,153,Unhealthy,68.0,UG/M3,1 Hr,Valid
Sarajevo,PM2.5 - Principal,2021-12-19 06:00 AM,2021,12,19,06,63.2,155,Unhealthy,68.0,UG/M3,1 Hr,Valid
Sarajevo,PM2.5 - Principal,2021-12-19 07:00 AM,2021,12,19,07,69.6,158,Unhealthy,76.0,UG/M3,1 Hr,Valid
Sarajevo,PM2.5 - Principal,2021-12-19 08:00 AM,2021,12,19,08,67.3,157,Unhealthy,65.0,UG/M3,1 Hr,Valid
Sarajevo,PM2.5 - Principal,2021-12-19 09:00 AM,2021,12,19,09,63.6,155,Unhealthy,60.0,UG/M3,1 Hr,Valid
Sarajevo,PM2.5 - Principal,2021-12-19 10:00 AM,2021,12,19,10,60.8,154,Unhealthy,58.0,UG/M3,1 Hr,Valid
Sarajevo,PM2.5 - Principal,2021-12-19 11:00 AM,2021,12,19,11,65.9,156,Unhealthy,71.0,UG/M3,1 Hr,Valid
Sarajevo,PM2.5 - Principal,2021-12-19 12:00 PM,2021,12,19,12,85.4,166,Unhealthy,105.0,UG/M3,1 Hr,Valid
Sarajevo,PM2.5 - Principal,2021-12-19 01:00 PM,2021,12,19,13,95.7,172,Unhealthy,106.0,UG/M3,1 Hr,Valid
Sarajevo,PM2.5 - Principal,2021-12-19 02:00 PM,2021,12,19,14,102.3,175,Unhealthy,109.0,UG/M3,1 Hr,Valid
Sarajevo,PM2.5 - Principal,2021-12-19 03:00 PM,2021,12,19,15,99.5,174,Unhealthy,97.0,UG/M3,1 Hr,Valid
Sarajevo,PM2.5 - Principal,2021-12-19 04:00 PM,2021,12,19,16,102.8,175,Unhealthy,107.0,UG/M3,1 Hr,Valid
Sarajevo,PM2.5 - Principal,2021-12-19 05:00 PM,2021,12,19,17,111.1,180,Unhealthy,119.0,UG/M3,1 Hr,Valid
Sarajevo,PM2.5 - Principal,2021-12-19 06:00 PM,2021,12,19,18,131.6,190,Unhealthy,152.0,UG/M3,1 Hr,Valid
Sarajevo,PM2.5 - Principal,2021-12-19 07:00 PM,2021,12,19,19,171.8,222,Very Unhealthy,212.0,UG/M3,1 Hr,Valid
Sarajevo,PM2.5 - Principal,2021-12-19 08:00 PM,2021,12,19,20,195.4,245,Very Unhealthy,219.0,UG/M3,1 Hr,Valid
Sarajevo,PM2.5 - Principal,2021-12-19 09:00 PM,2021,12,19,21,211.2,261,Very Unhealthy,227.0,UG/M3,1 Hr,Valid
Sarajevo,PM2.5 - Principal,2021-12-19 10:00 PM,2021,12,19,22,216.6,267,Very Unhealthy,222.0,UG/M3,1 Hr,Valid
Sarajevo,PM2.5 - Principal,2021-12-19 11:00 PM,2021,12,19,23,216.3,266,Very Unhealthy,216.0,UG/M3,1 Hr,Valid
Sarajevo,PM2.5 - Principal,2021-12-20 12:00 AM,2021,12,20,00,211.1,261,Very Unhealthy,206.0,UG/M3,1 Hr,Valid
Sarajevo,PM2.5 - Principal,2021-12-20 01:00 AM,2021,12,20,01,214.1,264,Very Unhealthy,217.0,UG/M3,1 Hr,Valid
Sarajevo,PM2.5 - Principal,2021-12-20 02:00 AM,2021,12,20,02,173.5,224,Very Unhealthy,133.0,UG/M3,1 Hr,Valid
Sarajevo,PM2.5 - Principal,2021-12-20 03:00 AM,2021,12,20,03,138.2,194,Unhealthy,103.0,UG/M3,1 Hr,Valid
Sarajevo,PM2.5 - Principal,2021-12-20 04:00 AM,2021,12,20,04,121.1,185,Unhealthy,104.0,UG/M3,1 Hr,Valid
Sarajevo,PM2.5 - Principal,2021-12-20 05:00 AM,2021,12,20,05,92.0,170,Unhealthy,63.0,UG/M3,1 Hr,Valid
Sarajevo,PM2.5 - Principal,2021-12-20 06:00 AM,2021,12,20,06,89.0,168,Unhealthy,86.0,UG/M3,1 Hr,Valid
Sarajevo,PM2.5 - Principal,2021-12-20 07:00 AM,2021,12,20,07,84.9,166,Unhealthy,81.0,UG/M3,1 Hr,Valid
Sarajevo,PM2.5 - Principal,2021-12-20 08:00 AM,2021,12,20,08,100.9,174,Unhealthy,117.0,UG/M3,1 Hr,Valid
Sarajevo,PM2.5 - Principal,2021-12-20 09:00 AM,2021,12,20,09,105.9,177,Unhealthy,111.0,UG/M3,1 Hr,Valid
Sarajevo,PM2.5 - Principal,2021-12-20 10:00 AM,2021,12,20,10,112.4,180,Unhealthy,119.0,UG/M3,1 Hr,Valid
Sarajevo,PM2.5 - Principal,2021-12-20 11:00 AM,2021,12,20,11,124.7,187,Unhealthy,137.0,UG/M3,1 Hr,Valid
Sarajevo,PM2.5 - Principal,2021-12-20 12:00 PM,2021,12,20,12,137.3,193,Unhealthy,150.0,UG/M3,1 Hr,Valid
Sarajevo,PM2.5 - Principal,2021-12-20 01:00 PM,2021,12,20,13,144.1,197,Unhealthy,151.0,UG/M3,1 Hr,Valid
Sarajevo,PM2.5 - Principal,2021-12-20 02:00 PM,2021,12,20,14,149.0,199,Unhealthy,154.0,UG/M3,1 Hr,Valid
Sarajevo,PM2.5 - Principal,2021-12-20 03:00 PM,2021,12,20,15,140.0,195,Unhealthy,131.0,UG/M3,1 Hr,Valid
Sarajevo,PM2.5 - Principal,2021-12-20 04:00 PM,2021,12,20,16,126.0,187,Unhealthy,112.0,UG/M3,1 Hr,Valid
Sarajevo,PM2.5 - Principal,2021-12-20 05:00 PM,2021,12,20,17,92.5,170,Unhealthy,59.0,UG/M3,1 Hr,Valid
Sarajevo,PM2.5 - Principal,2021-12-20 06:00 PM,2021,12,20,18,58.7,153,Unhealthy,25.0,UG/M3,1 Hr,Valid
Sarajevo,PM2.5 - Principal,2021-12-20 07:00 PM,2021,12,20,19,67.8,157,Unhealthy,77.0,UG/M3,1 Hr,Valid
Sarajevo,PM2.5 - Principal,2021-12-20 08:00 PM,2021,12,20,20,68.4,158,Unhealthy,69.0,UG/M3,1 Hr,Valid
Sarajevo,PM2.5 - Principal,2021-12-20 09:00 PM,2021,12,20,21,68.7,158,Unhealthy,69.0,UG/M3,1 Hr,Valid
Sarajevo,PM2.5 - Principal,2021-12-20 10:00 PM,2021,12,20,22,57.8,152,Unhealthy,47.0,UG/M3,1 Hr,Valid
Sarajevo,PM2.5 - Principal,2021-12-20 11:00 PM,2021,12,20,23,59.9,153,Unhealthy,62.0,UG/M3,1 Hr,Valid
Sarajevo,PM2.5 - Principal,2021-12-21 12:00 AM,2021,12,21,00,55.9,151,Unhealthy,52.0,UG/M3,1 Hr,Valid
Sarajevo,PM2.5 - Principal,2021-12-21 01:00 AM,2021,12,21,01,64.4,156,Unhealthy,73.0,UG/M3,1 Hr,Valid
Sarajevo,PM2.5 - Principal,2021-12-21 02:00 AM,2021,12,21,02,45.2,125,Unhealthy for Sensitive Groups,26.0,UG/M3,1 Hr,Valid
Sarajevo,PM2.5 - Principal,2021-12-21 03:00 AM,2021,12,21,03,41.5,116,Unhealthy for Sensitive Groups,38.0,UG/M3,1 Hr,Valid
Sarajevo,PM2.5 - Principal,2021-12-21 04:00 AM,2021,12,21,04,34.2,97,Moderate,27.0,UG/M3,1 Hr,Valid
Sarajevo,PM2.5 - Principal,2021-12-21 05:00 AM,2021,12,21,05,29.6,88,Moderate,25.0,UG/M3,1 Hr,Valid
Sarajevo,PM2.5 - Principal,2021-12-21 06:00 AM,2021,12,21,06,21.3,70,Moderate,13.0,UG/M3,1 Hr,Valid
Sarajevo,PM2.5 - Principal,2021-12-21 07:00 AM,2021,12,21,07,22.6,73,Moderate,24.0,UG/M3,1 Hr,Valid
Sarajevo,PM2.5 - Principal,2021-12-21 08:00 AM,2021,12,21,08,25.8,80,Moderate,29.0,UG/M3,1 Hr,Valid
Sarajevo,PM2.5 - Principal,2021-12-21 09:00 AM,2021,12,21,09,27.4,83,Moderate,29.0,UG/M3,1 Hr,Valid
Sarajevo,PM2.5 - Principal,2021-12-21 10:00 AM,2021,12,21,10,28.2,85,Moderate,29.0,UG/M3,1 Hr,Valid
Sarajevo,PM2.5 - Principal,2021-12-21 11:00 AM,2021,12,21,11,28.1,85,Moderate,-999.0,UG/M3,1 Hr,Missing
Sarajevo,PM2.5 - Principal,2021-12-21 12:00 PM,2021,12,21,12,20.7,69,Moderate,17.0,UG/M3,1 Hr,Valid
Sarajevo,PM2.5 - Principal,2021-12-21 01:00 PM,2021,12,21,13,14.0,55,Moderate,9.0,UG/M3,1 Hr,Valid
Sarajevo,PM2.5 - Principal,2021-12-21 02:00 PM,2021,12,21,14,11.3,47,Good,9.0,UG/M3,1 Hr,Valid
Sarajevo,PM2.5 - Principal,2021-12-21 03:00 PM,2021,12,21,15,13.7,54,Moderate,16.0,UG/M3,1 Hr,Valid
Sarajevo,PM2.5 - Principal,2021-12-21 04:00 PM,2021,12,21,16,11.3,47,Good,9.0,UG/M3,1 Hr,Valid
Sarajevo,PM2.5 - Principal,2021-12-21 05:00 PM,2021,12,21,17,12.1,51,Moderate,13.0,UG/M3,1 Hr,Valid
Sarajevo,PM2.5 - Principal,2021-12-21 06:00 PM,2021,12,21,18,23.6,75,Moderate,35.0,UG/M3,1 Hr,Valid
Sarajevo,PM2.5 - Principal,2021-12-21 07:00 PM,2021,12,21,19,22.8,74,Moderate,22.0,UG/M3,1 Hr,Valid
Sarajevo,PM2.5 - Principal,2021-12-21 08:00 PM,2021,12,21,20,20.9,70,Moderate,19.0,UG/M3,1 Hr,Valid
Sarajevo,PM2.5 - Principal,2021-12-21 09:00 PM,2021,12,21,21,24.9,78,Moderate,29.0,UG/M3,1 Hr,Valid
Sarajevo,PM2.5 - Principal,2021-12-21 10:00 PM,2021,12,21,22,26.9,82,Moderate,29.0,UG/M3,1 Hr,Valid
Sarajevo,PM2.5 - Principal,2021-12-21 11:00 PM,2021,12,21,23,30.9,91,Moderate,35.0,UG/M3,1 Hr,Valid
Sarajevo,PM2.5 - Principal,2021-12-22 12:00 AM,2021,12,22,00,31.4,92,Moderate,32.0,UG/M3,1 Hr,Valid
Sarajevo,PM2.5 - Principal,2021-12-22 01:00 AM,2021,12,22,01,30.7,90,Moderate,30.0,UG/M3,1 Hr,Valid
Sarajevo,PM2.5 - Principal,2021-12-22 02:00 AM,2021,12,22,02,33.8,97,Moderate,37.0,UG/M3,1 Hr,Valid
Sarajevo,PM2.5 - Principal,2021-12-22 03:00 AM,2021,12,22,03,29.9,88,Moderate,26.0,UG/M3,1 Hr,Valid
Sarajevo,PM2.5 - Principal,2021-12-22 04:00 AM,2021,12,22,04,28.4,85,Moderate,27.0,UG/M3,1 Hr,Valid
Sarajevo,PM2.5 - Principal,2021-12-22 05:00 AM,2021,12,22,05,28.7,86,Moderate,29.0,UG/M3,1 Hr,Valid
Sarajevo,PM2.5 - Principal,2021-12-22 06:00 AM,2021,12,22,06,41.3,115,Unhealthy for Sensitive Groups,54.0,UG/M3,1 Hr,Valid
Sarajevo,PM2.5 - Principal,2021-12-22 07:00 AM,2021,12,22,07,48.6,133,Unhealthy for Sensitive Groups,56.0,UG/M3,1 Hr,Valid
Sarajevo,PM2.5 - Principal,2021-12-22 08:00 AM,2021,12,22,08,45.8,126,Unhealthy for Sensitive Groups,43.0,UG/M3,1 Hr,Valid
Sarajevo,PM2.5 - Principal,2021-12-22 09:00 AM,2021,12,22,09,46.9,129,Unhealthy for Sensitive Groups,48.0,UG/M3,1 Hr,Valid
Sarajevo,PM2.5 - Principal,2021-12-22 10:00 AM,2021,12,22,10,43.4,120,Unhealthy for Sensitive Groups,40.0,UG/M3,1 Hr,Valid
Sarajevo,PM2.5 - Principal,2021-12-22 11:00 AM,2021,12,22,11,43.2,120,Unhealthy for Sensitive Groups,43.0,UG/M3,1 Hr,Valid
Sarajevo,PM2.5 - Principal,2021-12-22 12:00 PM,2021,12,22,12,64.6,156,Unhealthy,86.0,UG/M3,1 Hr,Valid
Sarajevo,PM2.5 - Principal,2021-12-22 01:00 PM,2021,12,22,13,67.3,157,Unhealthy,70.0,UG/M3,1 Hr,Valid
Sarajevo,PM2.5 - Principal,2021-12-22 02:00 PM,2021,12,22,14,67.6,157,Unhealthy,68.0,UG/M3,1 Hr,Valid
Sarajevo,PM2.5 - Principal,2021-12-22 03:00 PM,2021,12,22,15,72.3,160,Unhealthy,77.0,UG/M3,1 Hr,Valid
Sarajevo,PM2.5 - Principal,2021-12-22 04:00 PM,2021,12,22,16,70.1,159,Unhealthy,68.0,UG/M3,1 Hr,Valid
Sarajevo,PM2.5 - Principal,2021-12-22 05:00 PM,2021,12,22,17,73.0,160,Unhealthy,76.0,UG/M3,1 Hr,Valid
Sarajevo,PM2.5 - Principal,2021-12-22 06:00 PM,2021,12,22,18,68.0,157,Unhealthy,63.0,UG/M3,1 Hr,Valid
Sarajevo,PM2.5 - Principal,2021-12-22 07:00 PM,2021,12,22,19,65.5,156,Unhealthy,63.0,UG/M3,1 Hr,Valid
Sarajevo,PM2.5 - Principal,2021-12-22 08:00 PM,2021,12,22,20,88.7,168,Unhealthy,112.0,UG/M3,1 Hr,Valid
Sarajevo,PM2.5 - Principal,2021-12-22 09:00 PM,2021,12,22,21,101.8,175,Unhealthy,115.0,UG/M3,1 Hr,Valid
Sarajevo,PM2.5 - Principal,2021-12-22 10:00 PM,2021,12,22,22,97.9,173,Unhealthy,94.0,UG/M3,1 Hr,Valid
Sarajevo,PM2.5 - Principal,2021-12-22 11:00 PM,2021,12,22,23,106.3,177,Unhealthy,117.0,UG/M3,1 Hr,Valid
Sarajevo,PM2.5 - Principal,2021-12-23 12:00 AM,2021,12,23,00,107.1,178,Unhealthy,108.0,UG/M3,1 Hr,Valid
Sarajevo,PM2.5 - Principal,2021-12-23 01:00 AM,2021,12,23,01,99.6,174,Unhealthy,91.0,UG/M3,1 Hr,Valid
Sarajevo,PM2.5 - Principal,2021-12-23 02:00 AM,2021,12,23,02,87.8,168,Unhealthy,74.0,UG/M3,1 Hr,Valid
Sarajevo,PM2.5 - Principal,2021-12-23 03:00 AM,2021,12,23,03,85.1,166,Unhealthy,82.0,UG/M3,1 Hr,Valid
Sarajevo,PM2.5 - Principal,2021-12-23 04:00 AM,2021,12,23,04,75.3,161,Unhealthy,64.0,UG/M3,1 Hr,Valid
Sarajevo,PM2.5 - Principal,2021-12-23 05:00 AM,2021,12,23,05,67.4,157,Unhealthy,60.0,UG/M3,1 Hr,Valid
Sarajevo,PM2.5 - Principal,2021-12-23 06:00 AM,2021,12,23,06,64.3,156,Unhealthy,61.0,UG/M3,1 Hr,Valid
Sarajevo,PM2.5 - Principal,2021-12-23 07:00 AM,2021,12,23,07,54.0,147,Unhealthy for Sensitive Groups,44.0,UG/M3,1 Hr,Valid
Sarajevo,PM2.5 - Principal,2021-12-23 08:00 AM,2021,12,23,08,49.0,134,Unhealthy for Sensitive Groups,44.0,UG/M3,1 Hr,Valid
Sarajevo,PM2.5 - Principal,2021-12-23 09:00 AM,2021,12,23,09,48.9,134,Unhealthy for Sensitive Groups,-999.0,UG/M3,1 Hr,Missing
Sarajevo,PM2.5 - Principal,2021-12-23 10:00 AM,2021,12,23,10,50.9,139,Unhealthy for Sensitive Groups,52.0,UG/M3,1 Hr,Valid
Sarajevo,PM2.5 - Principal,2021-12-23 11:00 AM,2021,12,23,11,73.8,160,Unhealthy,91.0,UG/M3,1 Hr,Valid
Sarajevo,PM2.5 - Principal,2021-12-23 12:00 PM,2021,12,23,12,97.9,173,Unhealthy,119.0,UG/M3,1 Hr,Valid
Sarajevo,PM2.5 - Principal,2021-12-23 01:00 PM,2021,12,23,13,107.7,178,Unhealthy,117.0,UG/M3,1 Hr,Valid
Sarajevo,PM2.5 - Principal,2021-12-23 02:00 PM,2021,12,23,14,107.8,178,Unhealthy,108.0,UG/M3,1 Hr,Valid
Sarajevo,PM2.5 - Principal,2021-12-23 03:00 PM,2021,12,23,15,109.4,179,Unhealthy,111.0,UG/M3,1 Hr,Valid
Sarajevo,PM2.5 - Principal,2021-12-23 04:00 PM,2021,12,23,16,120.7,185,Unhealthy,132.0,UG/M3,1 Hr,Valid
Sarajevo,PM2.5 - Principal,2021-12-23 05:00 PM,2021,12,23,17,142.4,196,Unhealthy,164.0,UG/M3,1 Hr,Valid
Sarajevo,PM2.5 - Principal,2021-12-23 06:00 PM,2021,12,23,18,157.7,208,Very Unhealthy,173.0,UG/M3,1 Hr,Valid
Sarajevo,PM2.5 - Principal,2021-12-23 07:00 PM,2021,12,23,19,203.9,254,Very Unhealthy,250.0,UG/M3,1 Hr,Valid
Sarajevo,PM2.5 - Principal,2021-12-23 08:00 PM,2021,12,23,20,213.4,263,Very Unhealthy,223.0,UG/M3,1 Hr,Valid
Sarajevo,PM2.5 - Principal,2021-12-23 09:00 PM,2021,12,23,21,209.7,260,Very Unhealthy,206.0,UG/M3,1 Hr,Valid
Sarajevo,PM2.5 - Principal,2021-12-23 10:00 PM,2021,12,23,22,169.8,220,Very Unhealthy,130.0,UG/M3,1 Hr,Valid
Sarajevo,PM2.5 - Principal,2021-12-23 11:00 PM,2021,12,23,23,154.9,205,Very Unhealthy,140.0,UG/M3,1 Hr,Valid
Sarajevo,PM2.5 - Principal,2021-12-24 12:00 AM,2021,12,24,00,147.9,199,Unhealthy,141.0,UG/M3,1 Hr,Valid
Sarajevo,PM2.5 - Principal,2021-12-24 01:00 AM,2021,12,24,01,144.4,197,Unhealthy,141.0,UG/M3,1 Hr,Valid
Sarajevo,PM2.5 - Principal,2021-12-24 02:00 AM,2021,12,24,02,125.2,187,Unhealthy,106.0,UG/M3,1 Hr,Valid
Sarajevo,PM2.5 - Principal,2021-12-24 03:00 AM,2021,12,24,03,110.1,179,Unhealthy,95.0,UG/M3,1 Hr,Valid
Sarajevo,PM2.5 - Principal,2021-12-24 04:00 AM,2021,12,24,04,93.5,171,Unhealthy,77.0,UG/M3,1 Hr,Valid
Sarajevo,PM2.5 - Principal,2021-12-24 05:00 AM,2021,12,24,05,82.7,165,Unhealthy,72.0,UG/M3,1 Hr,Valid
Sarajevo,PM2.5 - Principal,2021-12-24 06:00 AM,2021,12,24,06,71.3,159,Unhealthy,60.0,UG/M3,1 Hr,Valid
Sarajevo,PM2.5 - Principal,2021-12-24 07:00 AM,2021,12,24,07,55.6,151,Unhealthy,40.0,UG/M3,1 Hr,Valid
Sarajevo,PM2.5 - Principal,2021-12-24 08:00 AM,2021,12,24,08,53.3,145,Unhealthy for Sensitive Groups,51.0,UG/M3,1 Hr,Valid
Sarajevo,PM2.5 - Principal,2021-12-24 09:00 AM,2021,12,24,09,58.6,153,Unhealthy,64.0,UG/M3,1 Hr,Valid
Sarajevo,PM2.5 - Principal,2021-12-24 10:00 AM,2021,12,24,10,59.8,153,Unhealthy,61.0,UG/M3,1 Hr,Valid
Sarajevo,PM2.5 - Principal,2021-12-24 11:00 AM,2021,12,24,11,54.8,149,Unhealthy for Sensitive Groups,50.0,UG/M3,1 Hr,Valid
Sarajevo,PM2.5 - Principal,2021-12-24 12:00 PM,2021,12,24,12,55.9,151,Unhealthy,57.0,UG/M3,1 Hr,Valid
Sarajevo,PM2.5 - Principal,2021-12-24 01:00 PM,2021,12,24,13,32.4,94,Moderate,9.0,UG/M3,1 Hr,Valid
Sarajevo,PM2.5 - Principal,2021-12-24 02:00 PM,2021,12,24,14,19.2,66,Moderate,6.0,UG/M3,1 Hr,Valid
Sarajevo,PM2.5 - Principal,2021-12-24 03:00 PM,2021,12,24,15,12.0,50,Good,5.0,UG/M3,1 Hr,Valid
Sarajevo,PM2.5 - Principal,2021-12-24 04:00 PM,2021,12,24,16,8.0,33,Good,4.0,UG/M3,1 Hr,Valid
Sarajevo,PM2.5 - Principal,2021-12-24 05:00 PM,2021,12,24,17,6.0,25,Good,4.0,UG/M3,1 Hr,Valid
Sarajevo,PM2.5 - Principal,2021-12-24 06:00 PM,2021,12,24,18,4.9,20,Good,4.0,UG/M3,1 Hr,Valid
Sarajevo,PM2.5 - Principal,2021-12-24 07:00 PM,2021,12,24,19,6.4,27,Good,8.0,UG/M3,1 Hr,Valid
Sarajevo,PM2.5 - Principal,2021-12-24 08:00 PM,2021,12,24,20,6.7,28,Good,7.0,UG/M3,1 Hr,Valid
Sarajevo,PM2.5 - Principal,2021-12-24 09:00 PM,2021,12,24,21,6.3,26,Good,6.0,UG/M3,1 Hr,Valid
Sarajevo,PM2.5 - Principal,2021-12-24 10:00 PM,2021,12,24,22,8.6,36,Good,11.0,UG/M3,1 Hr,Valid
Sarajevo,PM2.5 - Principal,2021-12-24 11:00 PM,2021,12,24,23,9.3,39,Good,10.0,UG/M3,1 Hr,Valid
Sarajevo,PM2.5 - Principal,2021-12-25 12:00 AM,2021,12,25,00,6.6,28,Good,4.0,UG/M3,1 Hr,Valid
Sarajevo,PM2.5 - Principal,2021-12-25 01:00 AM,2021,12,25,01,4.3,18,Good,2.0,UG/M3,1 Hr,Valid
Sarajevo,PM2.5 - Principal,2021-12-25 02:00 AM,2021,12,25,02,4.1,17,Good,4.0,UG/M3,1 Hr,Valid
Sarajevo,PM2.5 - Principal,2021-12-25 03:00 AM,2021,12,25,03,3.5,15,Good,3.0,UG/M3,1 Hr,Valid
Sarajevo,PM2.5 - Principal,2021-12-25 04:00 AM,2021,12,25,04,4.7,20,Good,6.0,UG/M3,1 Hr,Valid
Sarajevo,PM2.5 - Principal,2021-12-25 05:00 AM,2021,12,25,05,4.8,20,Good,5.0,UG/M3,1 Hr,Valid
Sarajevo,PM2.5 - Principal,2021-12-25 06:00 AM,2021,12,25,06,6.9,29,Good,9.0,UG/M3,1 Hr,Valid
Sarajevo,PM2.5 - Principal,2021-12-25 07:00 AM,2021,12,25,07,5.9,25,Good,5.0,UG/M3,1 Hr,Valid
Sarajevo,PM2.5 - Principal,2021-12-25 08:00 AM,2021,12,25,08,4.4,18,Good,3.0,UG/M3,1 Hr,Valid
Sarajevo,PM2.5 - Principal,2021-12-25 09:00 AM,2021,12,25,09,5.2,22,Good,6.0,UG/M3,1 Hr,Valid
Sarajevo,PM2.5 - Principal,2021-12-25 10:00 AM,2021,12,25,10,4.6,19,Good,4.0,UG/M3,1 Hr,Valid
Sarajevo,PM2.5 - Principal,2021-12-25 11:00 AM,2021,12,25,11,3.8,16,Good,3.0,UG/M3,1 Hr,Valid
Sarajevo,PM2.5 - Principal,2021-12-25 12:00 PM,2021,12,25,12,4.9,20,Good,6.0,UG/M3,1 Hr,Valid
Sarajevo,PM2.5 - Principal,2021-12-25 01:00 PM,2021,12,25,13,5.4,23,Good,6.0,UG/M3,1 Hr,Valid
Sarajevo,PM2.5 - Principal,2021-12-25 02:00 PM,2021,12,25,14,4.2,18,Good,3.0,UG/M3,1 Hr,Valid
Sarajevo,PM2.5 - Principal,2021-12-25 03:00 PM,2021,12,25,15,4.6,19,Good,5.0,UG/M3,1 Hr,Valid
Sarajevo,PM2.5 - Principal,2021-12-25 04:00 PM,2021,12,25,16,4.8,20,Good,5.0,UG/M3,1 Hr,Valid
Sarajevo,PM2.5 - Principal,2021-12-25 05:00 PM,2021,12,25,17,4.9,20,Good,5.0,UG/M3,1 Hr,Valid
Sarajevo,PM2.5 - Principal,2021-12-25 06:00 PM,2021,12,25,18,6.4,27,Good,8.0,UG/M3,1 Hr,Valid
Sarajevo,PM2.5 - Principal,2021-12-25 07:00 PM,2021,12,25,19,6.2,26,Good,6.0,UG/M3,1 Hr,Valid
Sarajevo,PM2.5 - Principal,2021-12-25 08:00 PM,2021,12,25,20,7.1,30,Good,8.0,UG/M3,1 Hr,Valid
Sarajevo,PM2.5 - Principal,2021-12-25 09:00 PM,2021,12,25,21,7.0,29,Good,7.0,UG/M3,1 Hr,Valid
Sarajevo,PM2.5 - Principal,2021-12-25 10:00 PM,2021,12,25,22,7.0,29,Good,7.0,UG/M3,1 Hr,Valid
Sarajevo,PM2.5 - Principal,2021-12-25 11:00 PM,2021,12,25,23,7.5,31,Good,8.0,UG/M3,1 Hr,Valid
Sarajevo,PM2.5 - Principal,2021-12-26 12:00 AM,2021,12,26,00,6.7,28,Good,6.0,UG/M3,1 Hr,Valid
Sarajevo,PM2.5 - Principal,2021-12-26 01:00 AM,2021,12,26,01,5.8,24,Good,5.0,UG/M3,1 Hr,Valid
Sarajevo,PM2.5 - Principal,2021-12-26 02:00 AM,2021,12,26,02,4.4,18,Good,3.0,UG/M3,1 Hr,Valid
Sarajevo,PM2.5 - Principal,2021-12-26 03:00 AM,2021,12,26,03,4.2,18,Good,4.0,UG/M3,1 Hr,Valid
Sarajevo,PM2.5 - Principal,2021-12-26 04:00 AM,2021,12,26,04,3.6,15,Good,3.0,UG/M3,1 Hr,Valid
Sarajevo,PM2.5 - Principal,2021-12-26 05:00 AM,2021,12,26,05,2.8,12,Good,2.0,UG/M3,1 Hr,Valid
Sarajevo,PM2.5 - Principal,2021-12-26 06:00 AM,2021,12,26,06,2.9,12,Good,3.0,UG/M3,1 Hr,Valid
Sarajevo,PM2.5 - Principal,2021-12-26 07:00 AM,2021,12,26,07,3.4,14,Good,4.0,UG/M3,1 Hr,Valid
Sarajevo,PM2.5 - Principal,2021-12-26 08:00 AM,2021,12,26,08,4.7,20,Good,6.0,UG/M3,1 Hr,Valid
Sarajevo,PM2.5 - Principal,2021-12-26 09:00 AM,2021,12,26,09,7.3,30,Good,10.0,UG/M3,1 Hr,Valid
Sarajevo,PM2.5 - Principal,2021-12-26 10:00 AM,2021,12,26,10,6.6,28,Good,6.0,UG/M3,1 Hr,Valid
Sarajevo,PM2.5 - Principal,2021-12-26 11:00 AM,2021,12,26,11,4.8,20,Good,3.0,UG/M3,1 Hr,Valid
Sarajevo,PM2.5 - Principal,2021-12-26 12:00 PM,2021,12,26,12,5.9,25,Good,7.0,UG/M3,1 Hr,Valid
Sarajevo,PM2.5 - Principal,2021-12-26 01:00 PM,2021,12,26,13,12.9,53,Moderate,20.0,UG/M3,1 Hr,Valid
Sarajevo,PM2.5 - Principal,2021-12-26 02:00 PM,2021,12,26,14,14.9,57,Moderate,17.0,UG/M3,1 Hr,Valid
Sarajevo,PM2.5 - Principal,2021-12-26 03:00 PM,2021,12,26,15,11.9,50,Good,9.0,UG/M3,1 Hr,Valid
Sarajevo,PM2.5 - Principal,2021-12-26 04:00 PM,2021,12,26,16,12.9,53,Moderate,14.0,UG/M3,1 Hr,Valid
Sarajevo,PM2.5 - Principal,2021-12-26 05:00 PM,2021,12,26,17,22.5,73,Moderate,32.0,UG/M3,1 Hr,Valid
Sarajevo,PM2.5 - Principal,2021-12-26 06:00 PM,2021,12,26,18,29.7,88,Moderate,37.0,UG/M3,1 Hr,Valid
Sarajevo,PM2.5 - Principal,2021-12-26 07:00 PM,2021,12,26,19,29.8,88,Moderate,30.0,UG/M3,1 Hr,Valid
Sarajevo,PM2.5 - Principal,2021-12-26 08:00 PM,2021,12,26,20,30.9,91,Moderate,32.0,UG/M3,1 Hr,Valid
Sarajevo,PM2.5 - Principal,2021-12-26 09:00 PM,2021,12,26,21,36.4,103,Unhealthy for Sensitive Groups,42.0,UG/M3,1 Hr,Valid
Sarajevo,PM2.5 - Principal,2021-12-26 10:00 PM,2021,12,26,22,38.7,109,Unhealthy for Sensitive Groups,41.0,UG/M3,1 Hr,Valid
Sarajevo,PM2.5 - Principal,2021-12-26 11:00 PM,2021,12,26,23,38.3,108,Unhealthy for Sensitive Groups,38.0,UG/M3,1 Hr,Valid
Sarajevo,PM2.5 - Principal,2021-12-27 12:00 AM,2021,12,27,00,43.6,121,Unhealthy for Sensitive Groups,49.0,UG/M3,1 Hr,Valid
Sarajevo,PM2.5 - Principal,2021-12-27 01:00 AM,2021,12,27,01,48.3,133,Unhealthy for Sensitive Groups,53.0,UG/M3,1 Hr,Valid
Sarajevo,PM2.5 - Principal,2021-12-27 02:00 AM,2021,12,27,02,50.1,137,Unhealthy for Sensitive Groups,52.0,UG/M3,1 Hr,Valid
Sarajevo,PM2.5 - Principal,2021-12-27 03:00 AM,2021,12,27,03,48.0,132,Unhealthy for Sensitive Groups,46.0,UG/M3,1 Hr,Valid
Sarajevo,PM2.5 - Principal,2021-12-27 04:00 AM,2021,12,27,04,37.7,106,Unhealthy for Sensitive Groups,27.0,UG/M3,1 Hr,Valid
Sarajevo,PM2.5 - Principal,2021-12-27 05:00 AM,2021,12,27,05,26.7,82,Moderate,16.0,UG/M3,1 Hr,Valid
Sarajevo,PM2.5 - Principal,2021-12-27 06:00 AM,2021,12,27,06,19.3,66,Moderate,12.0,UG/M3,1 Hr,Valid
Sarajevo,PM2.5 - Principal,2021-12-27 07:00 AM,2021,12,27,07,19.6,67,Moderate,20.0,UG/M3,1 Hr,Valid
Sarajevo,PM2.5 - Principal,2021-12-27 08:00 AM,2021,12,27,08,23.8,76,Moderate,28.0,UG/M3,1 Hr,Valid
Sarajevo,PM2.5 - Principal,2021-12-27 09:00 AM,2021,12,27,09,23.9,76,Moderate,24.0,UG/M3,1 Hr,Valid
Sarajevo,PM2.5 - Principal,2021-12-27 10:00 AM,2021,12,27,10,22.9,74,Moderate,22.0,UG/M3,1 Hr,Valid
Sarajevo,PM2.5 - Principal,2021-12-27 11:00 AM,2021,12,27,11,23.4,75,Moderate,24.0,UG/M3,1 Hr,Valid
Sarajevo,PM2.5 - Principal,2021-12-27 12:00 PM,2021,12,27,12,25.2,79,Moderate,27.0,UG/M3,1 Hr,Valid
Sarajevo,PM2.5 - Principal,2021-12-27 01:00 PM,2021,12,27,13,25.6,79,Moderate,26.0,UG/M3,1 Hr,Valid
Sarajevo,PM2.5 - Principal,2021-12-27 02:00 PM,2021,12,27,14,26.8,82,Moderate,28.0,UG/M3,1 Hr,Valid
Sarajevo,PM2.5 - Principal,2021-12-27 03:00 PM,2021,12,27,15,24.8,78,Moderate,23.0,UG/M3,1 Hr,Valid
Sarajevo,PM2.5 - Principal,2021-12-27 04:00 PM,2021,12,27,16,23.4,75,Moderate,22.0,UG/M3,1 Hr,Valid
Sarajevo,PM2.5 - Principal,2021-12-27 05:00 PM,2021,12,27,17,26.7,82,Moderate,30.0,UG/M3,1 Hr,Valid
Sarajevo,PM2.5 - Principal,2021-12-27 06:00 PM,2021,12,27,18,33.8,97,Moderate,41.0,UG/M3,1 Hr,Valid
Sarajevo,PM2.5 - Principal,2021-12-27 07:00 PM,2021,12,27,19,43.4,120,Unhealthy for Sensitive Groups,53.0,UG/M3,1 Hr,Valid
Sarajevo,PM2.5 - Principal,2021-12-27 08:00 PM,2021,12,27,20,71.7,159,Unhealthy,100.0,UG/M3,1 Hr,Valid
Sarajevo,PM2.5 - Principal,2021-12-27 09:00 PM,2021,12,27,21,92.8,170,Unhealthy,114.0,UG/M3,1 Hr,Valid
Sarajevo,PM2.5 - Principal,2021-12-27 10:00 PM,2021,12,27,22,99.9,174,Unhealthy,107.0,UG/M3,1 Hr,Valid
Sarajevo,PM2.5 - Principal,2021-12-27 11:00 PM,2021,12,27,23,103.4,176,Unhealthy,107.0,UG/M3,1 Hr,Valid
Sarajevo,PM2.5 - Principal,2021-12-28 12:00 AM,2021,12,28,00,98.7,173,Unhealthy,94.0,UG/M3,1 Hr,Valid
Sarajevo,PM2.5 - Principal,2021-12-28 01:00 AM,2021,12,28,01,78.8,163,Unhealthy,59.0,UG/M3,1 Hr,Valid
Sarajevo,PM2.5 - Principal,2021-12-28 02:00 AM,2021,12,28,02,65.4,156,Unhealthy,52.0,UG/M3,1 Hr,Valid
Sarajevo,PM2.5 - Principal,2021-12-28 03:00 AM,2021,12,28,03,57.7,152,Unhealthy,50.0,UG/M3,1 Hr,Valid
Sarajevo,PM2.5 - Principal,2021-12-28 04:00 AM,2021,12,28,04,49.8,136,Unhealthy for Sensitive Groups,42.0,UG/M3,1 Hr,Valid
Sarajevo,PM2.5 - Principal,2021-12-28 05:00 AM,2021,12,28,05,45.4,125,Unhealthy for Sensitive Groups,41.0,UG/M3,1 Hr,Valid
Sarajevo,PM2.5 - Principal,2021-12-28 06:00 AM,2021,12,28,06,44.2,122,Unhealthy for Sensitive Groups,43.0,UG/M3,1 Hr,Valid
Sarajevo,PM2.5 - Principal,2021-12-28 07:00 AM,2021,12,28,07,46.1,127,Unhealthy for Sensitive Groups,48.0,UG/M3,1 Hr,Valid
Sarajevo,PM2.5 - Principal,2021-12-28 08:00 AM,2021,12,28,08,48.5,133,Unhealthy for Sensitive Groups,51.0,UG/M3,1 Hr,Valid
Sarajevo,PM2.5 - Principal,2021-12-28 09:00 AM,2021,12,28,09,55.7,151,Unhealthy,63.0,UG/M3,1 Hr,Valid
Sarajevo,PM2.5 - Principal,2021-12-28 10:00 AM,2021,12,28,10,64.8,156,Unhealthy,74.0,UG/M3,1 Hr,Valid
Sarajevo,PM2.5 - Principal,2021-12-28 11:00 AM,2021,12,28,11,74.4,161,Unhealthy,84.0,UG/M3,1 Hr,Valid
Sarajevo,PM2.5 - Principal,2021-12-28 12:00 PM,2021,12,28,12,83.2,165,Unhealthy,92.0,UG/M3,1 Hr,Valid
Sarajevo,PM2.5 - Principal,2021-12-28 01:00 PM,2021,12,28,13,89.1,168,Unhealthy,95.0,UG/M3,1 Hr,Valid
Sarajevo,PM2.5 - Principal,2021-12-28 02:00 PM,2021,12,28,14,96.0,172,Unhealthy,103.0,UG/M3,1 Hr,Valid
Sarajevo,PM2.5 - Principal,2021-12-28 03:00 PM,2021,12,28,15,107.5,178,Unhealthy,119.0,UG/M3,1 Hr,Valid
Sarajevo,PM2.5 - Principal,2021-12-28 04:00 PM,2021,12,28,16,116.7,183,Unhealthy,126.0,UG/M3,1 Hr,Valid
Sarajevo,PM2.5 - Principal,2021-12-28 05:00 PM,2021,12,28,17,129.9,189,Unhealthy,143.0,UG/M3,1 Hr,Valid
Sarajevo,PM2.5 - Principal,2021-12-28 06:00 PM,2021,12,28,18,139.4,194,Unhealthy,149.0,UG/M3,1 Hr,Valid
Sarajevo,PM2.5 - Principal,2021-12-28 07:00 PM,2021,12,28,19,145.2,197,Unhealthy,151.0,UG/M3,1 Hr,Valid
Sarajevo,PM2.5 - Principal,2021-12-28 08:00 PM,2021,12,28,20,150.1,200,Unhealthy,155.0,UG/M3,1 Hr,Valid
Sarajevo,PM2.5 - Principal,2021-12-28 09:00 PM,2021,12,28,21,154.0,204,Very Unhealthy,158.0,UG/M3,1 Hr,Valid
Sarajevo,PM2.5 - Principal,2021-12-28 10:00 PM,2021,12,28,22,149.0,199,Unhealthy,144.0,UG/M3,1 Hr,Valid
Sarajevo,PM2.5 - Principal,2021-12-28 11:00 PM,2021,12,28,23,138.8,194,Unhealthy,125.0,UG/M3,1 Hr,Valid
Sarajevo,PM2.5 - Principal,2021-12-29 12:00 AM,2021,12,29,00,131.9,190,Unhealthy,121.0,UG/M3,1 Hr,Valid
Sarajevo,PM2.5 - Principal,2021-12-29 01:00 AM,2021,12,29,01,131.1,190,Unhealthy,127.0,UG/M3,1 Hr,Valid
Sarajevo,PM2.5 - Principal,2021-12-29 02:00 AM,2021,12,29,02,131.1,190,Unhealthy,123.0,UG/M3,1 Hr,Valid
Sarajevo,PM2.5 - Principal,2021-12-29 03:00 AM,2021,12,29,03,128.1,188,Unhealthy,119.0,UG/M3,1 Hr,Valid
Sarajevo,PM2.5 - Principal,2021-12-29 04:00 AM,2021,12,29,04,124.3,187,Unhealthy,116.0,UG/M3,1 Hr,Valid
Sarajevo,PM2.5 - Principal,2021-12-29 05:00 AM,2021,12,29,05,119.0,184,Unhealthy,110.0,UG/M3,1 Hr,Valid
Sarajevo,PM2.5 - Principal,2021-12-29 06:00 AM,2021,12,29,06,113.0,181,Unhealthy,104.0,UG/M3,1 Hr,Valid
Sarajevo,PM2.5 - Principal,2021-12-29 07:00 AM,2021,12,29,07,102.3,175,Unhealthy,91.0,UG/M3,1 Hr,Valid
Sarajevo,PM2.5 - Principal,2021-12-29 08:00 AM,2021,12,29,08,89.0,168,Unhealthy,78.0,UG/M3,1 Hr,Valid
Sarajevo,PM2.5 - Principal,2021-12-29 09:00 AM,2021,12,29,09,93.5,171,Unhealthy,97.0,UG/M3,1 Hr,Valid
Sarajevo,PM2.5 - Principal,2021-12-29 10:00 AM,2021,12,29,10,97.2,173,Unhealthy,101.0,UG/M3,1 Hr,Valid
Sarajevo,PM2.5 - Principal,2021-12-29 11:00 AM,2021,12,29,11,109.2,179,Unhealthy,128.0,UG/M3,1 Hr,Valid
Sarajevo,PM2.5 - Principal,2021-12-29 12:00 PM,2021,12,29,12,120.0,184,Unhealthy,134.0,UG/M3,1 Hr,Valid
Sarajevo,PM2.5 - Principal,2021-12-29 01:00 PM,2021,12,29,13,127.6,188,Unhealthy,137.0,UG/M3,1 Hr,Valid
Sarajevo,PM2.5 - Principal,2021-12-29 02:00 PM,2021,12,29,14,84.5,166,Unhealthy,39.0,UG/M3,1 Hr,Valid
Sarajevo,PM2.5 - Principal,2021-12-29 03:00 PM,2021,12,29,15,78.7,163,Unhealthy,73.0,UG/M3,1 Hr,Valid
Sarajevo,PM2.5 - Principal,2021-12-29 04:00 PM,2021,12,29,16,53.3,145,Unhealthy for Sensitive Groups,28.0,UG/M3,1 Hr,Valid
Sarajevo,PM2.5 - Principal,2021-12-29 05:00 PM,2021,12,29,17,41.6,116,Unhealthy for Sensitive Groups,30.0,UG/M3,1 Hr,Valid
Sarajevo,PM2.5 - Principal,2021-12-29 06:00 PM,2021,12,29,18,37.8,107,Unhealthy for Sensitive Groups,34.0,UG/M3,1 Hr,Valid
Sarajevo,PM2.5 - Principal,2021-12-29 07:00 PM,2021,12,29,19,58.9,153,Unhealthy,80.0,UG/M3,1 Hr,Valid
Sarajevo,PM2.5 - Principal,2021-12-29 08:00 PM,2021,12,29,20,61.4,154,Unhealthy,64.0,UG/M3,1 Hr,Valid
Sarajevo,PM2.5 - Principal,2021-12-29 09:00 PM,2021,12,29,21,55.7,151,Unhealthy,50.0,UG/M3,1 Hr,Valid
Sarajevo,PM2.5 - Principal,2021-12-29 10:00 PM,2021,12,29,22,68.8,158,Unhealthy,82.0,UG/M3,1 Hr,Valid
Sarajevo,PM2.5 - Principal,2021-12-29 11:00 PM,2021,12,29,23,81.4,164,Unhealthy,94.0,UG/M3,1 Hr,Valid
Sarajevo,PM2.5 - Principal,2021-12-30 12:00 AM,2021,12,30,00,87.2,167,Unhealthy,93.0,UG/M3,1 Hr,Valid
Sarajevo,PM2.5 - Principal,2021-12-30 01:00 AM,2021,12,30,01,80.0,164,Unhealthy,73.0,UG/M3,1 Hr,Valid
Sarajevo,PM2.5 - Principal,2021-12-30 02:00 AM,2021,12,30,02,79.0,163,Unhealthy,78.0,UG/M3,1 Hr,Valid
Sarajevo,PM2.5 - Principal,2021-12-30 03:00 AM,2021,12,30,03,80.0,164,Unhealthy,81.0,UG/M3,1 Hr,Valid
Sarajevo,PM2.5 - Principal,2021-12-30 04:00 AM,2021,12,30,04,80.0,164,Unhealthy,80.0,UG/M3,1 Hr,Valid
Sarajevo,PM2.5 - Principal,2021-12-30 05:00 AM,2021,12,30,05,71.5,159,Unhealthy,63.0,UG/M3,1 Hr,Valid
Sarajevo,PM2.5 - Principal,2021-12-30 06:00 AM,2021,12,30,06,62.6,155,Unhealthy,52.0,UG/M3,1 Hr,Valid
Sarajevo,PM2.5 - Principal,2021-12-30 07:00 AM,2021,12,30,07,55.9,151,Unhealthy,49.0,UG/M3,1 Hr,Valid
Sarajevo,PM2.5 - Principal,2021-12-30 08:00 AM,2021,12,30,08,49.1,134,Unhealthy for Sensitive Groups,43.0,UG/M3,1 Hr,Valid
Sarajevo,PM2.5 - Principal,2021-12-30 09:00 AM,2021,12,30,09,52.0,142,Unhealthy for Sensitive Groups,55.0,UG/M3,1 Hr,Valid
Sarajevo,PM2.5 - Principal,2021-12-30 10:00 AM,2021,12,30,10,56.5,152,Unhealthy,61.0,UG/M3,1 Hr,Valid
Sarajevo,PM2.5 - Principal,2021-12-30 11:00 AM,2021,12,30,11,71.2,159,Unhealthy,86.0,UG/M3,1 Hr,Valid
Sarajevo,PM2.5 - Principal,2021-12-30 12:00 PM,2021,12,30,12,74.6,161,Unhealthy,78.0,UG/M3,1 Hr,Valid
Sarajevo,PM2.5 - Principal,2021-12-30 01:00 PM,2021,12,30,13,60.3,153,Unhealthy,46.0,UG/M3,1 Hr,Valid
Sarajevo,PM2.5 - Principal,2021-12-30 02:00 PM,2021,12,30,14,37.1,105,Unhealthy for Sensitive Groups,14.0,UG/M3,1 Hr,Valid
Sarajevo,PM2.5 - Principal,2021-12-30 03:00 PM,2021,12,30,15,25.0,78,Moderate,13.0,UG/M3,1 Hr,Valid
Sarajevo,PM2.5 - Principal,2021-12-30 04:00 PM,2021,12,30,16,20.5,69,Moderate,16.0,UG/M3,1 Hr,Valid
Sarajevo,PM2.5 - Principal,2021-12-30 05:00 PM,2021,12,30,17,23.7,75,Moderate,27.0,UG/M3,1 Hr,Valid
Sarajevo,PM2.5 - Principal,2021-12-30 06:00 PM,2021,12,30,18,34.8,99,Moderate,46.0,UG/M3,1 Hr,Valid
Sarajevo,PM2.5 - Principal,2021-12-30 07:00 PM,2021,12,30,19,29.9,88,Moderate,25.0,UG/M3,1 Hr,Valid
Sarajevo,PM2.5 - Principal,2021-12-30 08:00 PM,2021,12,30,20,24.4,77,Moderate,19.0,UG/M3,1 Hr,Valid
Sarajevo,PM2.5 - Principal,2021-12-30 09:00 PM,2021,12,30,21,23.7,75,Moderate,23.0,UG/M3,1 Hr,Valid
Sarajevo,PM2.5 - Principal,2021-12-30 10:00 PM,2021,12,30,22,36.3,103,Unhealthy for Sensitive Groups,49.0,UG/M3,1 Hr,Valid
Sarajevo,PM2.5 - Principal,2021-12-30 11:00 PM,2021,12,30,23,43.6,121,Unhealthy for Sensitive Groups,51.0,UG/M3,1 Hr,Valid
Sarajevo,PM2.5 - Principal,2021-12-31 12:00 AM,2021,12,31,00,43.3,120,Unhealthy for Sensitive Groups,43.0,UG/M3,1 Hr,Valid
Sarajevo,PM2.5 - Principal,2021-12-31 01:00 AM,2021,12,31,01,47.6,131,Unhealthy for Sensitive Groups,52.0,UG/M3,1 Hr,Valid
Sarajevo,PM2.5 - Principal,2021-12-31 02:00 AM,2021,12,31,02,43.8,121,Unhealthy for Sensitive Groups,40.0,UG/M3,1 Hr,Valid
Sarajevo,PM2.5 - Principal,2021-12-31 03:00 AM,2021,12,31,03,39.4,111,Unhealthy for Sensitive Groups,35.0,UG/M3,1 Hr,Valid
Sarajevo,PM2.5 - Principal,2021-12-31 04:00 AM,2021,12,31,04,33.2,95,Moderate,27.0,UG/M3,1 Hr,Valid
Sarajevo,PM2.5 - Principal,2021-12-31 05:00 AM,2021,12,31,05,51.6,141,Unhealthy for Sensitive Groups,70.0,UG/M3,1 Hr,Valid
Sarajevo,PM2.5 - Principal,2021-12-31 06:00 AM,2021,12,31,06,58.3,152,Unhealthy,65.0,UG/M3,1 Hr,Valid
Sarajevo,PM2.5 - Principal,2021-12-31 07:00 AM,2021,12,31,07,55.6,151,Unhealthy,53.0,UG/M3,1 Hr,Valid
Sarajevo,PM2.5 - Principal,2021-12-31 08:00 AM,2021,12,31,08,57.8,152,Unhealthy,60.0,UG/M3,1 Hr,Valid
Sarajevo,PM2.5 - Principal,2021-12-31 09:00 AM,2021,12,31,09,65.4,156,Unhealthy,73.0,UG/M3,1 Hr,Valid
Sarajevo,PM2.5 - Principal,2021-12-31 10:00 AM,2021,12,31,10,72.7,160,Unhealthy,80.0,UG/M3,1 Hr,Valid
Sarajevo,PM2.5 - Principal,2021-12-31 11:00 AM,2021,12,31,11,71.3,159,Unhealthy,70.0,UG/M3,1 Hr,Valid
Sarajevo,PM2.5 - Principal,2021-12-31 12:00 PM,2021,12,31,12,66.1,156,Unhealthy,61.0,UG/M3,1 Hr,Valid
Sarajevo,PM2.5 - Principal,2021-12-31 01:00 PM,2021,12,31,13,65.0,156,Unhealthy,64.0,UG/M3,1 Hr,Valid
Sarajevo,PM2.5 - Principal,2021-12-31 02:00 PM,2021,12,31,14,62.5,155,Unhealthy,60.0,UG/M3,1 Hr,Valid
Sarajevo,PM2.5 - Principal,2021-12-31 03:00 PM,2021,12,31,15,65.7,156,Unhealthy,69.0,UG/M3,1 Hr,Valid
Sarajevo,PM2.5 - Principal,2021-12-31 04:00 PM,2021,12,31,16,61.7,154,Unhealthy,54.0,UG/M3,1 Hr,Valid
Sarajevo,PM2.5 - Principal,2021-12-31 05:00 PM,2021,12,31,17,64.1,155,Unhealthy,69.0,UG/M3,1 Hr,Valid
Sarajevo,PM2.5 - Principal,2021-12-31 06:00 PM,2021,12,31,18,93.7,171,Unhealthy,123.0,UG/M3,1 Hr,Valid
Sarajevo,PM2.5 - Principal,2021-12-31 07:00 PM,2021,12,31,19,121.8,185,Unhealthy,150.0,UG/M3,1 Hr,Valid
Sarajevo,PM2.5 - Principal,2021-12-31 08:00 PM,2021,12,31,20,150.4,200,Unhealthy,179.0,UG/M3,1 Hr,Valid
Sarajevo,PM2.5 - Principal,2021-12-31 09:00 PM,2021,12,31,21,148.7,199,Unhealthy,147.0,UG/M3,1 Hr,Valid
Sarajevo,PM2.5 - Principal,2021-12-31 10:00 PM,2021,12,31,22,139.3,194,Unhealthy,130.0,UG/M3,1 Hr,Valid
Sarajevo,PM2.5 - Principal,2021-12-31 11:00 PM,2021,12,31,23,130.6,190,Unhealthy,122.0,UG/M3,1 Hr,Valid
Sarajevo,PM2.5 - Principal,2022-01-01 12:00 AM,2022,01,01,00,116.3,182,Unhealthy,102.0,UG/M3,1 Hr,Valid
